file_path,label
.\AutismDataset\train\Autistic.1093.jpg,0
.\AutismDataset\test\Autistic.1.jpg,0
.\AutismDataset\train\Autistic.992.jpg,0
.\AutismDataset\train\Autistic.138.jpg,0
.\AutismDataset\train\Non_Autistic.431.jpg,1
.\AutismDataset\train\Autistic.407.jpg,0
.\AutismDataset\train\Autistic.740.jpg,0
.\AutismDataset\train\Autistic.126.jpg,0
.\AutismDataset\train\Autistic.209.jpg,0
.\AutismDataset\train\Autistic.146.jpg,0
.\AutismDataset\train\Non_Autistic.620.jpg,1
.\AutismDataset\train\Non_Autistic.1200.jpg,1
.\AutismDataset\test\Non_Autistic.48.jpg,1
.\AutismDataset\test\Non_Autistic.43.jpg,1
.\AutismDataset\train\Autistic.462.jpg,0
.\AutismDataset\train\Autistic.1173.jpg,0
.\AutismDataset\train\Autistic.1194.jpg,0
.\AutismDataset\train\Non_Autistic.703.jpg,1
.\AutismDataset\train\Autistic.1255.jpg,0
.\AutismDataset\train\Non_Autistic.104.jpg,1
.\AutismDataset\train\Non_Autistic.983.jpg,1
.\AutismDataset\train\Autistic.981.jpg,0
.\AutismDataset\train\Autistic.831.jpg,0
.\AutismDataset\train\Non_Autistic.236.jpg,1
.\AutismDataset\train\Non_Autistic.274.jpg,1
.\AutismDataset\train\Autistic.192.jpg,0
.\AutismDataset\train\Autistic.1265.jpg,0
.\AutismDataset\train\Non_Autistic.399.jpg,1
.\AutismDataset\train\Autistic.233.jpg,0
.\AutismDataset\train\Autistic.334.jpg,0
.\AutismDataset\test\Autistic.131.jpg,0
.\AutismDataset\train\Non_Autistic.1055.jpg,1
.\AutismDataset\train\Autistic.264.jpg,0
.\AutismDataset\train\Non_Autistic.782.jpg,1
.\AutismDataset\train\Non_Autistic.191.jpg,1
.\AutismDataset\train\Autistic.338.jpg,0
.\AutismDataset\train\Non_Autistic.835.jpg,1
.\AutismDataset\train\Autistic.1163.jpg,0
.\AutismDataset\train\Non_Autistic.550.jpg,1
.\AutismDataset\train\Non_Autistic.29.jpg,1
.\AutismDataset\train\Autistic.1148.jpg,0
.\AutismDataset\valid\Non_Autistic\05.jpg,0
.\AutismDataset\train\Autistic.904.jpg,0
.\AutismDataset\train\Autistic.908.jpg,0
.\AutismDataset\train\Non_Autistic.848.jpg,1
.\AutismDataset\test\Non_Autistic.113.jpg,1
.\AutismDataset\train\Non_Autistic.821.jpg,1
.\AutismDataset\valid\Autistic\09.jpg,1
.\AutismDataset\train\Autistic.391.jpg,0
.\AutismDataset\train\Non_Autistic.38.jpg,1
.\AutismDataset\train\Autistic.928.jpg,0
.\AutismDataset\train\Autistic.614.jpg,0
.\AutismDataset\train\Autistic.736.jpg,0
.\AutismDataset\train\Non_Autistic.772.jpg,1
.\AutismDataset\train\Autistic.54.jpg,0
.\AutismDataset\train\Non_Autistic.1203.jpg,1
.\AutismDataset\train\Non_Autistic.302.jpg,1
.\AutismDataset\train\Non_Autistic.1053.jpg,1
.\AutismDataset\train\Autistic.136.jpg,0
.\AutismDataset\train\Non_Autistic.840.jpg,1
.\AutismDataset\valid\Autistic\43.jpg,1
.\AutismDataset\train\Autistic.600.jpg,0
.\AutismDataset\train\Non_Autistic.585.jpg,1
.\AutismDataset\train\Non_Autistic.1233.jpg,1
.\AutismDataset\train\Non_Autistic.580.jpg,1
.\AutismDataset\train\Autistic.909.jpg,0
.\AutismDataset\train\Non_Autistic.1228.jpg,1
.\AutismDataset\train\Non_Autistic.765.jpg,1
.\AutismDataset\train\Non_Autistic.895.jpg,1
.\AutismDataset\train\Non_Autistic.697.jpg,1
.\AutismDataset\train\Non_Autistic.166.jpg,1
.\AutismDataset\test\Autistic.88.jpg,0
.\AutismDataset\train\Autistic.634.jpg,0
.\AutismDataset\train\Autistic.421.jpg,0
.\AutismDataset\train\Autistic.1152.jpg,0
.\AutismDataset\train\Non_Autistic.370.jpg,1
.\AutismDataset\train\Autistic.344.jpg,0
.\AutismDataset\train\Autistic.564.jpg,0
.\AutismDataset\train\Non_Autistic.1185.jpg,1
.\AutismDataset\train\Non_Autistic.869.jpg,1
.\AutismDataset\train\Non_Autistic.938.jpg,1
.\AutismDataset\train\Autistic.5.jpg,0
.\AutismDataset\test\Non_Autistic.109.jpg,1
.\AutismDataset\train\Autistic.20.jpg,0
.\AutismDataset\valid\Non_Autistic\01.jpg,0
.\AutismDataset\train\Non_Autistic.335.jpg,1
.\AutismDataset\train\Autistic.1240.jpg,0
.\AutismDataset\train\Non_Autistic.739.jpg,1
.\AutismDataset\train\Autistic.1058.jpg,0
.\AutismDataset\train\Autistic.1013.jpg,0
.\AutismDataset\train\Non_Autistic.597.jpg,1
.\AutismDataset\train\Non_Autistic.910.jpg,1
.\AutismDataset\train\Autistic.343.jpg,0
.\AutismDataset\test\Non_Autistic.106.jpg,1
.\AutismDataset\train\Autistic.888.jpg,0
.\AutismDataset\train\Non_Autistic.1025.jpg,1
.\AutismDataset\test\Autistic.148.jpg,0
.\AutismDataset\train\Non_Autistic.209.jpg,1
.\AutismDataset\train\Autistic.52.jpg,0
.\AutismDataset\train\Autistic.1124.jpg,0
.\AutismDataset\train\Non_Autistic.839.jpg,1
.\AutismDataset\train\Autistic.45.jpg,0
.\AutismDataset\train\Non_Autistic.419.jpg,1
.\AutismDataset\train\Autistic.1037.jpg,0
.\AutismDataset\train\Autistic.27.jpg,0
.\AutismDataset\train\Non_Autistic.440.jpg,1
.\AutismDataset\train\Autistic.699.jpg,0
.\AutismDataset\valid\Non_Autistic\17.jpg,0
.\AutismDataset\test\Autistic.120.jpg,0
.\AutismDataset\train\Autistic.19.jpg,0
.\AutismDataset\train\Autistic.1060.jpg,0
.\AutismDataset\train\Non_Autistic.604.jpg,1
.\AutismDataset\train\Non_Autistic.540.jpg,1
.\AutismDataset\train\Autistic.1254.jpg,0
.\AutismDataset\train\Autistic.148.jpg,0
.\AutismDataset\train\Autistic.121.jpg,0
.\AutismDataset\train\Non_Autistic.148.jpg,1
.\AutismDataset\train\Non_Autistic.645.jpg,1
.\AutismDataset\train\Autistic.838.jpg,0
.\AutismDataset\valid\Non_Autistic\25.jpg,0
.\AutismDataset\train\Non_Autistic.351.jpg,1
.\AutismDataset\train\Autistic.47.jpg,0
.\AutismDataset\train\Autistic.657.jpg,0
.\AutismDataset\train\Non_Autistic.1155.jpg,1
.\AutismDataset\train\Non_Autistic.47.jpg,1
.\AutismDataset\train\Autistic.300.jpg,0
.\AutismDataset\train\Autistic.518.jpg,0
.\AutismDataset\train\Autistic.167.jpg,0
.\AutismDataset\train\Autistic.641.jpg,0
.\AutismDataset\train\Autistic.907.jpg,0
.\AutismDataset\test\Non_Autistic.0.jpg,1
.\AutismDataset\train\Autistic.241.jpg,0
.\AutismDataset\train\Autistic.453.jpg,0
.\AutismDataset\train\Non_Autistic.529.jpg,1
.\AutismDataset\train\Autistic.1110.jpg,0
.\AutismDataset\train\Non_Autistic.991.jpg,1
.\AutismDataset\train\Autistic.204.jpg,0
.\AutismDataset\valid\Non_Autistic\33.jpg,0
.\AutismDataset\train\Non_Autistic.1181.jpg,1
.\AutismDataset\test\Autistic.27.jpg,0
.\AutismDataset\train\Autistic.23.jpg,0
.\AutismDataset\train\Non_Autistic.724.jpg,1
.\AutismDataset\test\Non_Autistic.91.jpg,1
.\AutismDataset\test\Autistic.84.jpg,0
.\AutismDataset\train\Non_Autistic.1263.jpg,1
.\AutismDataset\train\Non_Autistic.254.jpg,1
.\AutismDataset\train\Non_Autistic.168.jpg,1
.\AutismDataset\train\Non_Autistic.781.jpg,1
.\AutismDataset\train\Autistic.886.jpg,0
.\AutismDataset\train\Non_Autistic.1161.jpg,1
.\AutismDataset\train\Non_Autistic.626.jpg,1
.\AutismDataset\train\Non_Autistic.424.jpg,1
.\AutismDataset\train\Autistic.587.jpg,0
.\AutismDataset\train\Non_Autistic.307.jpg,1
.\AutismDataset\train\Autistic.61.jpg,0
.\AutismDataset\train\Non_Autistic.228.jpg,1
.\AutismDataset\train\Non_Autistic.441.jpg,1
.\AutismDataset\train\Non_Autistic.606.jpg,1
.\AutismDataset\test\Autistic.10.jpg,0
.\AutismDataset\train\Autistic.656.jpg,0
.\AutismDataset\train\Autistic.333.jpg,0
.\AutismDataset\train\Autistic.286.jpg,0
.\AutismDataset\train\Non_Autistic.279.jpg,1
.\AutismDataset\train\Non_Autistic.506.jpg,1
.\AutismDataset\train\Autistic.515.jpg,0
.\AutismDataset\train\Non_Autistic.207.jpg,1
.\AutismDataset\train\Autistic.628.jpg,0
.\AutismDataset\train\Non_Autistic.1082.jpg,1
.\AutismDataset\train\Autistic.643.jpg,0
.\AutismDataset\train\Autistic.189.jpg,0
.\AutismDataset\train\Autistic.584.jpg,0
.\AutismDataset\train\Autistic.365.jpg,0
.\AutismDataset\train\Non_Autistic.973.jpg,1
.\AutismDataset\train\Autistic.890.jpg,0
.\AutismDataset\test\Autistic.81.jpg,0
.\AutismDataset\train\Autistic.202.jpg,0
.\AutismDataset\train\Autistic.170.jpg,0
.\AutismDataset\train\Non_Autistic.1115.jpg,1
.\AutismDataset\train\Non_Autistic.237.jpg,1
.\AutismDataset\train\Non_Autistic.721.jpg,1
.\AutismDataset\train\Autistic.743.jpg,0
.\AutismDataset\test\Non_Autistic.130.jpg,1
.\AutismDataset\test\Autistic.70.jpg,0
.\AutismDataset\train\Non_Autistic.137.jpg,1
.\AutismDataset\train\Autistic.349.jpg,0
.\AutismDataset\train\Non_Autistic.1163.jpg,1
.\AutismDataset\train\Non_Autistic.670.jpg,1
.\AutismDataset\train\Autistic.844.jpg,0
.\AutismDataset\train\Non_Autistic.77.jpg,1
.\AutismDataset\train\Non_Autistic.161.jpg,1
.\AutismDataset\train\Non_Autistic.379.jpg,1
.\AutismDataset\train\Autistic.405.jpg,0
.\AutismDataset\train\Non_Autistic.1235.jpg,1
.\AutismDataset\train\Non_Autistic.1064.jpg,1
.\AutismDataset\test\Non_Autistic.42.jpg,1
.\AutismDataset\train\Autistic.155.jpg,0
.\AutismDataset\train\Autistic.493.jpg,0
.\AutismDataset\train\Autistic.1209.jpg,0
.\AutismDataset\train\Non_Autistic.802.jpg,1
.\AutismDataset\test\Autistic.123.jpg,0
.\AutismDataset\train\Non_Autistic.1166.jpg,1
.\AutismDataset\train\Non_Autistic.96.jpg,1
.\AutismDataset\test\Autistic.8.jpg,0
.\AutismDataset\train\Non_Autistic.901.jpg,1
.\AutismDataset\test\Non_Autistic.121.jpg,1
.\AutismDataset\train\Non_Autistic.925.jpg,1
.\AutismDataset\train\Non_Autistic.1119.jpg,1
.\AutismDataset\train\Autistic.1181.jpg,0
.\AutismDataset\test\Autistic.96.jpg,0
.\AutismDataset\train\Non_Autistic.409.jpg,1
.\AutismDataset\train\Autistic.858.jpg,0
.\AutismDataset\train\Autistic.1123.jpg,0
.\AutismDataset\train\Autistic.386.jpg,0
.\AutismDataset\train\Non_Autistic.1003.jpg,1
.\AutismDataset\train\Non_Autistic.1017.jpg,1
.\AutismDataset\test\Autistic.47.jpg,0
.\AutismDataset\train\Autistic.180.jpg,0
.\AutismDataset\train\Non_Autistic.577.jpg,1
.\AutismDataset\train\Autistic.956.jpg,0
.\AutismDataset\train\Autistic.128.jpg,0
.\AutismDataset\train\Non_Autistic.623.jpg,1
.\AutismDataset\train\Autistic.951.jpg,0
.\AutismDataset\valid\Non_Autistic\31.jpg,0
.\AutismDataset\test\Autistic.36.jpg,0
.\AutismDataset\train\Non_Autistic.1049.jpg,1
.\AutismDataset\train\Autistic.29.jpg,0
.\AutismDataset\train\Autistic.141.jpg,0
.\AutismDataset\train\Non_Autistic.850.jpg,1
.\AutismDataset\train\Autistic.618.jpg,0
.\AutismDataset\train\Non_Autistic.1131.jpg,1
.\AutismDataset\train\Non_Autistic.469.jpg,1
.\AutismDataset\train\Autistic.277.jpg,0
.\AutismDataset\train\Non_Autistic.160.jpg,1
.\AutismDataset\test\Non_Autistic.100.jpg,1
.\AutismDataset\train\Non_Autistic.371.jpg,1
.\AutismDataset\train\Non_Autistic.692.jpg,1
.\AutismDataset\train\Autistic.237.jpg,0
.\AutismDataset\test\Autistic.128.jpg,0
.\AutismDataset\train\Autistic.336.jpg,0
.\AutismDataset\train\Autistic.183.jpg,0
.\AutismDataset\train\Autistic.22.jpg,0
.\AutismDataset\train\Autistic.782.jpg,0
.\AutismDataset\test\Non_Autistic.27.jpg,1
.\AutismDataset\train\Autistic.802.jpg,0
.\AutismDataset\train\Autistic.503.jpg,0
.\AutismDataset\train\Non_Autistic.654.jpg,1
.\AutismDataset\train\Non_Autistic.1190.jpg,1
.\AutismDataset\test\Autistic.0.jpg,0
.\AutismDataset\train\Autistic.456.jpg,0
.\AutismDataset\train\Non_Autistic.737.jpg,1
.\AutismDataset\train\Non_Autistic.1240.jpg,1
.\AutismDataset\train\Autistic.257.jpg,0
.\AutismDataset\train\Non_Autistic.948.jpg,1
.\AutismDataset\train\Non_Autistic.1244.jpg,1
.\AutismDataset\test\Non_Autistic.51.jpg,1
.\AutismDataset\train\Autistic.394.jpg,0
.\AutismDataset\train\Autistic.132.jpg,0
.\AutismDataset\train\Non_Autistic.975.jpg,1
.\AutismDataset\test\Autistic.33.jpg,0
.\AutismDataset\train\Non_Autistic.858.jpg,1
.\AutismDataset\train\Autistic.581.jpg,0
.\AutismDataset\train\Non_Autistic.213.jpg,1
.\AutismDataset\train\Autistic.495.jpg,0
.\AutismDataset\train\Autistic.486.jpg,0
.\AutismDataset\test\Non_Autistic.49.jpg,1
.\AutismDataset\train\Non_Autistic.180.jpg,1
.\AutismDataset\train\Autistic.569.jpg,0
.\AutismDataset\train\Autistic.236.jpg,0
.\AutismDataset\train\Non_Autistic.706.jpg,1
.\AutismDataset\train\Non_Autistic.877.jpg,1
.\AutismDataset\valid\Autistic\33.jpg,1
.\AutismDataset\test\Non_Autistic.74.jpg,1
.\AutismDataset\train\Non_Autistic.86.jpg,1
.\AutismDataset\train\Non_Autistic.1118.jpg,1
.\AutismDataset\train\Non_Autistic.3.jpg,1
.\AutismDataset\train\Non_Autistic.527.jpg,1
.\AutismDataset\train\Non_Autistic.243.jpg,1
.\AutismDataset\train\Autistic.910.jpg,0
.\AutismDataset\train\Non_Autistic.177.jpg,1
.\AutismDataset\train\Autistic.274.jpg,0
.\AutismDataset\train\Non_Autistic.511.jpg,1
.\AutismDataset\train\Non_Autistic.798.jpg,1
.\AutismDataset\test\Non_Autistic.47.jpg,1
.\AutismDataset\train\Autistic.245.jpg,0
.\AutismDataset\train\Autistic.772.jpg,0
.\AutismDataset\train\Autistic.1006.jpg,0
.\AutismDataset\train\Non_Autistic.151.jpg,1
.\AutismDataset\train\Non_Autistic.775.jpg,1
.\AutismDataset\train\Autistic.665.jpg,0
.\AutismDataset\test\Autistic.93.jpg,0
.\AutismDataset\train\Autistic.10.jpg,0
.\AutismDataset\train\Non_Autistic.478.jpg,1
.\AutismDataset\train\Non_Autistic.220.jpg,1
.\AutismDataset\train\Autistic.1109.jpg,0
.\AutismDataset\test\Non_Autistic.85.jpg,1
.\AutismDataset\train\Non_Autistic.666.jpg,1
.\AutismDataset\train\Autistic.731.jpg,0
.\AutismDataset\train\Non_Autistic.295.jpg,1
.\AutismDataset\test\Autistic.105.jpg,0
.\AutismDataset\train\Non_Autistic.433.jpg,1
.\AutismDataset\train\Autistic.1211.jpg,0
.\AutismDataset\train\Non_Autistic.230.jpg,1
.\AutismDataset\train\Autistic.186.jpg,0
.\AutismDataset\train\Autistic.786.jpg,0
.\AutismDataset\train\Autistic.724.jpg,0
.\AutismDataset\train\Non_Autistic.381.jpg,1
.\AutismDataset\train\Non_Autistic.1267.jpg,1
.\AutismDataset\train\Non_Autistic.1193.jpg,1
.\AutismDataset\train\Autistic.441.jpg,0
.\AutismDataset\train\Non_Autistic.701.jpg,1
.\AutismDataset\valid\Non_Autistic\16.jpg,0
.\AutismDataset\train\Autistic.271.jpg,0
.\AutismDataset\train\Autistic.746.jpg,0
.\AutismDataset\train\Autistic.536.jpg,0
.\AutismDataset\train\Non_Autistic.1172.jpg,1
.\AutismDataset\train\Non_Autistic.472.jpg,1
.\AutismDataset\train\Non_Autistic.1026.jpg,1
.\AutismDataset\train\Non_Autistic.636.jpg,1
.\AutismDataset\train\Autistic.701.jpg,0
.\AutismDataset\train\Non_Autistic.337.jpg,1
.\AutismDataset\train\Non_Autistic.1042.jpg,1
.\AutismDataset\train\Non_Autistic.1156.jpg,1
.\AutismDataset\train\Autistic.397.jpg,0
.\AutismDataset\train\Non_Autistic.502.jpg,1
.\AutismDataset\train\Non_Autistic.79.jpg,1
.\AutismDataset\train\Non_Autistic.219.jpg,1
.\AutismDataset\train\Non_Autistic.951.jpg,1
.\AutismDataset\train\Non_Autistic.267.jpg,1
.\AutismDataset\train\Autistic.182.jpg,0
.\AutismDataset\train\Autistic.199.jpg,0
.\AutismDataset\train\Autistic.675.jpg,0
.\AutismDataset\train\Autistic.606.jpg,0
.\AutismDataset\test\Non_Autistic.11.jpg,1
.\AutismDataset\train\Autistic.897.jpg,0
.\AutismDataset\train\Autistic.1268.jpg,0
.\AutismDataset\valid\Non_Autistic\43.jpg,0
.\AutismDataset\train\Autistic.1074.jpg,0
.\AutismDataset\train\Non_Autistic.695.jpg,1
.\AutismDataset\train\Non_Autistic.141.jpg,1
.\AutismDataset\train\Non_Autistic.71.jpg,1
.\AutismDataset\train\Autistic.195.jpg,0
.\AutismDataset\train\Non_Autistic.920.jpg,1
.\AutismDataset\valid\Autistic\25.jpg,1
.\AutismDataset\train\Non_Autistic.199.jpg,1
.\AutismDataset\train\Non_Autistic.1246.jpg,1
.\AutismDataset\train\Autistic.912.jpg,0
.\AutismDataset\valid\Autistic\40.jpg,1
.\AutismDataset\train\Autistic.778.jpg,0
.\AutismDataset\train\Autistic.765.jpg,0
.\AutismDataset\train\Autistic.808.jpg,0
.\AutismDataset\train\Autistic.1024.jpg,0
.\AutismDataset\train\Non_Autistic.353.jpg,1
.\AutismDataset\train\Non_Autistic.293.jpg,1
.\AutismDataset\train\Non_Autistic.667.jpg,1
.\AutismDataset\train\Non_Autistic.6.jpg,1
.\AutismDataset\train\Autistic.679.jpg,0
.\AutismDataset\train\Autistic.919.jpg,0
.\AutismDataset\train\Autistic.1155.jpg,0
.\AutismDataset\test\Non_Autistic.3.jpg,1
.\AutismDataset\train\Autistic.649.jpg,0
.\AutismDataset\train\Non_Autistic.1154.jpg,1
.\AutismDataset\train\Autistic.900.jpg,0
.\AutismDataset\train\Non_Autistic.972.jpg,1
.\AutismDataset\train\Non_Autistic.904.jpg,1
.\AutismDataset\train\Autistic.727.jpg,0
.\AutismDataset\train\Non_Autistic.48.jpg,1
.\AutismDataset\train\Autistic.585.jpg,0
.\AutismDataset\train\Non_Autistic.250.jpg,1
.\AutismDataset\train\Autistic.745.jpg,0
.\AutismDataset\valid\Non_Autistic\37.jpg,0
.\AutismDataset\train\Non_Autistic.280.jpg,1
.\AutismDataset\train\Non_Autistic.297.jpg,1
.\AutismDataset\train\Non_Autistic.94.jpg,1
.\AutismDataset\train\Non_Autistic.452.jpg,1
.\AutismDataset\train\Autistic.1077.jpg,0
.\AutismDataset\train\Autistic.1066.jpg,0
.\AutismDataset\train\Autistic.355.jpg,0
.\AutismDataset\train\Non_Autistic.313.jpg,1
.\AutismDataset\test\Autistic.59.jpg,0
.\AutismDataset\train\Non_Autistic.749.jpg,1
.\AutismDataset\train\Autistic.793.jpg,0
.\AutismDataset\train\Non_Autistic.63.jpg,1
.\AutismDataset\train\Autistic.962.jpg,0
.\AutismDataset\train\Autistic.163.jpg,0
.\AutismDataset\train\Non_Autistic.631.jpg,1
.\AutismDataset\train\Non_Autistic.342.jpg,1
.\AutismDataset\train\Non_Autistic.516.jpg,1
.\AutismDataset\train\Non_Autistic.993.jpg,1
.\AutismDataset\train\Autistic.261.jpg,0
.\AutismDataset\train\Non_Autistic.1060.jpg,1
.\AutismDataset\train\Non_Autistic.120.jpg,1
.\AutismDataset\train\Non_Autistic.465.jpg,1
.\AutismDataset\test\Autistic.40.jpg,0
.\AutismDataset\valid\Autistic\38.jpg,1
.\AutismDataset\train\Non_Autistic.600.jpg,1
.\AutismDataset\train\Non_Autistic.34.jpg,1
.\AutismDataset\train\Autistic.522.jpg,0
.\AutismDataset\train\Autistic.1018.jpg,0
.\AutismDataset\train\Autistic.251.jpg,0
.\AutismDataset\train\Autistic.244.jpg,0
.\AutismDataset\train\Autistic.916.jpg,0
.\AutismDataset\train\Autistic.969.jpg,0
.\AutismDataset\train\Autistic.1188.jpg,0
.\AutismDataset\train\Autistic.1082.jpg,0
.\AutismDataset\train\Autistic.292.jpg,0
.\AutismDataset\train\Autistic.971.jpg,0
.\AutismDataset\train\Non_Autistic.116.jpg,1
.\AutismDataset\test\Non_Autistic.34.jpg,1
.\AutismDataset\train\Non_Autistic.807.jpg,1
.\AutismDataset\train\Non_Autistic.1160.jpg,1
.\AutismDataset\train\Autistic.506.jpg,0
.\AutismDataset\train\Autistic.304.jpg,0
.\AutismDataset\train\Autistic.156.jpg,0
.\AutismDataset\train\Non_Autistic.677.jpg,1
.\AutismDataset\train\Autistic.119.jpg,0
.\AutismDataset\train\Non_Autistic.315.jpg,1
.\AutismDataset\train\Autistic.478.jpg,0
.\AutismDataset\train\Non_Autistic.338.jpg,1
.\AutismDataset\train\Non_Autistic.242.jpg,1
.\AutismDataset\train\Non_Autistic.746.jpg,1
.\AutismDataset\train\Non_Autistic.1266.jpg,1
.\AutismDataset\train\Autistic.385.jpg,0
.\AutismDataset\train\Autistic.794.jpg,0
.\AutismDataset\train\Autistic.874.jpg,0
.\AutismDataset\train\Autistic.384.jpg,0
.\AutismDataset\train\Autistic.1264.jpg,0
.\AutismDataset\train\Non_Autistic.171.jpg,1
.\AutismDataset\train\Autistic.526.jpg,0
.\AutismDataset\train\Non_Autistic.532.jpg,1
.\AutismDataset\train\Autistic.1159.jpg,0
.\AutismDataset\train\Non_Autistic.283.jpg,1
.\AutismDataset\train\Autistic.1034.jpg,0
.\AutismDataset\train\Non_Autistic.841.jpg,1
.\AutismDataset\train\Autistic.883.jpg,0
.\AutismDataset\train\Non_Autistic.870.jpg,1
.\AutismDataset\train\Autistic.902.jpg,0
.\AutismDataset\train\Autistic.18.jpg,0
.\AutismDataset\train\Autistic.625.jpg,0
.\AutismDataset\train\Non_Autistic.829.jpg,1
.\AutismDataset\train\Autistic.534.jpg,0
.\AutismDataset\train\Autistic.1250.jpg,0
.\AutismDataset\train\Non_Autistic.289.jpg,1
.\AutismDataset\train\Autistic.1113.jpg,0
.\AutismDataset\train\Autistic.696.jpg,0
.\AutismDataset\test\Non_Autistic.1.jpg,1
.\AutismDataset\test\Non_Autistic.137.jpg,1
.\AutismDataset\test\Non_Autistic.2.jpg,1
.\AutismDataset\train\Autistic.466.jpg,0
.\AutismDataset\train\Autistic.131.jpg,0
.\AutismDataset\train\Non_Autistic.663.jpg,1
.\AutismDataset\train\Autistic.955.jpg,0
.\AutismDataset\test\Non_Autistic.44.jpg,1
.\AutismDataset\train\Autistic.240.jpg,0
.\AutismDataset\train\Autistic.133.jpg,0
.\AutismDataset\train\Autistic.32.jpg,0
.\AutismDataset\train\Autistic.1056.jpg,0
.\AutismDataset\train\Autistic.869.jpg,0
.\AutismDataset\train\Non_Autistic.612.jpg,1
.\AutismDataset\train\Autistic.578.jpg,0
.\AutismDataset\train\Non_Autistic.398.jpg,1
.\AutismDataset\train\Autistic.803.jpg,0
.\AutismDataset\train\Non_Autistic.438.jpg,1
.\AutismDataset\train\Non_Autistic.752.jpg,1
.\AutismDataset\train\Non_Autistic.445.jpg,1
.\AutismDataset\train\Non_Autistic.292.jpg,1
.\AutismDataset\train\Autistic.1063.jpg,0
.\AutismDataset\train\Non_Autistic.578.jpg,1
.\AutismDataset\train\Autistic.1025.jpg,0
.\AutismDataset\train\Autistic.1120.jpg,0
.\AutismDataset\valid\Non_Autistic\29.jpg,0
.\AutismDataset\train\Autistic.134.jpg,0
.\AutismDataset\train\Non_Autistic.1180.jpg,1
.\AutismDataset\train\Autistic.2.jpg,0
.\AutismDataset\train\Autistic.722.jpg,0
.\AutismDataset\train\Non_Autistic.945.jpg,1
.\AutismDataset\test\Autistic.74.jpg,0
.\AutismDataset\train\Non_Autistic.1134.jpg,1
.\AutismDataset\train\Non_Autistic.69.jpg,1
.\AutismDataset\train\Non_Autistic.871.jpg,1
.\AutismDataset\train\Non_Autistic.415.jpg,1
.\AutismDataset\train\Autistic.555.jpg,0
.\AutismDataset\train\Non_Autistic.942.jpg,1
.\AutismDataset\train\Non_Autistic.277.jpg,1
.\AutismDataset\train\Autistic.1150.jpg,0
.\AutismDataset\train\Autistic.998.jpg,0
.\AutismDataset\train\Autistic.381.jpg,0
.\AutismDataset\train\Non_Autistic.184.jpg,1
.\AutismDataset\train\Non_Autistic.860.jpg,1
.\AutismDataset\train\Autistic.1206.jpg,0
.\AutismDataset\test\Non_Autistic.6.jpg,1
.\AutismDataset\train\Autistic.706.jpg,0
.\AutismDataset\train\Non_Autistic.1067.jpg,1
.\AutismDataset\train\Autistic.761.jpg,0
.\AutismDataset\train\Autistic.145.jpg,0
.\AutismDataset\train\Non_Autistic.964.jpg,1
.\AutismDataset\train\Non_Autistic.1188.jpg,1
.\AutismDataset\valid\Autistic\12.jpg,1
.\AutismDataset\train\Non_Autistic.1211.jpg,1
.\AutismDataset\train\Non_Autistic.521.jpg,1
.\AutismDataset\test\Autistic.25.jpg,0
.\AutismDataset\train\Autistic.943.jpg,0
.\AutismDataset\train\Autistic.840.jpg,0
.\AutismDataset\train\Autistic.238.jpg,0
.\AutismDataset\train\Non_Autistic.574.jpg,1
.\AutismDataset\train\Autistic.94.jpg,0
.\AutismDataset\train\Non_Autistic.537.jpg,1
.\AutismDataset\train\Autistic.1149.jpg,0
.\AutismDataset\valid\Autistic\48.jpg,1
.\AutismDataset\train\Non_Autistic.446.jpg,1
.\AutismDataset\train\Non_Autistic.971.jpg,1
.\AutismDataset\train\Non_Autistic.902.jpg,1
.\AutismDataset\train\Autistic.1010.jpg,0
.\AutismDataset\train\Non_Autistic.530.jpg,1
.\AutismDataset\test\Autistic.106.jpg,0
.\AutismDataset\train\Autistic.461.jpg,0
.\AutismDataset\train\Autistic.1222.jpg,0
.\AutismDataset\train\Autistic.795.jpg,0
.\AutismDataset\train\Non_Autistic.949.jpg,1
.\AutismDataset\train\Autistic.1235.jpg,0
.\AutismDataset\train\Non_Autistic.348.jpg,1
.\AutismDataset\train\Autistic.1046.jpg,0
.\AutismDataset\train\Non_Autistic.125.jpg,1
.\AutismDataset\train\Non_Autistic.345.jpg,1
.\AutismDataset\train\Autistic.76.jpg,0
.\AutismDataset\train\Autistic.1102.jpg,0
.\AutismDataset\test\Non_Autistic.4.jpg,1
.\AutismDataset\train\Non_Autistic.1220.jpg,1
.\AutismDataset\train\Autistic.1095.jpg,0
.\AutismDataset\train\Autistic.127.jpg,0
.\AutismDataset\train\Autistic.1119.jpg,0
.\AutismDataset\train\Autistic.631.jpg,0
.\AutismDataset\train\Autistic.983.jpg,0
.\AutismDataset\train\Autistic.787.jpg,0
.\AutismDataset\train\Autistic.1231.jpg,0
.\AutismDataset\train\Non_Autistic.750.jpg,1
.\AutismDataset\train\Non_Autistic.959.jpg,1
.\AutismDataset\train\Non_Autistic.1142.jpg,1
.\AutismDataset\train\Non_Autistic.78.jpg,1
.\AutismDataset\train\Non_Autistic.126.jpg,1
.\AutismDataset\train\Autistic.88.jpg,0
.\AutismDataset\train\Autistic.800.jpg,0
.\AutismDataset\train\Autistic.114.jpg,0
.\AutismDataset\train\Autistic.410.jpg,0
.\AutismDataset\train\Autistic.1176.jpg,0
.\AutismDataset\train\Non_Autistic.436.jpg,1
.\AutismDataset\train\Autistic.636.jpg,0
.\AutismDataset\train\Non_Autistic.679.jpg,1
.\AutismDataset\train\Autistic.411.jpg,0
.\AutismDataset\train\Non_Autistic.386.jpg,1
.\AutismDataset\train\Autistic.819.jpg,0
.\AutismDataset\train\Autistic.898.jpg,0
.\AutismDataset\train\Non_Autistic.726.jpg,1
.\AutismDataset\train\Non_Autistic.601.jpg,1
.\AutismDataset\train\Autistic.1031.jpg,0
.\AutismDataset\train\Non_Autistic.967.jpg,1
.\AutismDataset\train\Autistic.1185.jpg,0
.\AutismDataset\train\Non_Autistic.790.jpg,1
.\AutismDataset\train\Autistic.672.jpg,0
.\AutismDataset\train\Autistic.246.jpg,0
.\AutismDataset\train\Non_Autistic.939.jpg,1
.\AutismDataset\train\Non_Autistic.1086.jpg,1
.\AutismDataset\train\Autistic.113.jpg,0
.\AutismDataset\train\Non_Autistic.831.jpg,1
.\AutismDataset\train\Non_Autistic.586.jpg,1
.\AutismDataset\train\Non_Autistic.913.jpg,1
.\AutismDataset\train\Non_Autistic.447.jpg,1
.\AutismDataset\train\Non_Autistic.595.jpg,1
.\AutismDataset\train\Non_Autistic.162.jpg,1
.\AutismDataset\train\Autistic.1068.jpg,0
.\AutismDataset\train\Non_Autistic.927.jpg,1
.\AutismDataset\train\Non_Autistic.878.jpg,1
.\AutismDataset\train\Autistic.225.jpg,0
.\AutismDataset\train\Non_Autistic.908.jpg,1
.\AutismDataset\train\Autistic.55.jpg,0
.\AutismDataset\train\Autistic.1073.jpg,0
.\AutismDataset\train\Non_Autistic.1000.jpg,1
.\AutismDataset\train\Non_Autistic.943.jpg,1
.\AutismDataset\train\Autistic.392.jpg,0
.\AutismDataset\train\Autistic.1266.jpg,0
.\AutismDataset\train\Non_Autistic.676.jpg,1
.\AutismDataset\train\Non_Autistic.244.jpg,1
.\AutismDataset\train\Autistic.104.jpg,0
.\AutismDataset\train\Autistic.574.jpg,0
.\AutismDataset\train\Autistic.1186.jpg,0
.\AutismDataset\valid\Non_Autistic\35.jpg,0
.\AutismDataset\train\Autistic.1044.jpg,0
.\AutismDataset\train\Autistic.709.jpg,0
.\AutismDataset\train\Autistic.457.jpg,0
.\AutismDataset\train\Non_Autistic.309.jpg,1
.\AutismDataset\train\Non_Autistic.354.jpg,1
.\AutismDataset\train\Autistic.1026.jpg,0
.\AutismDataset\train\Non_Autistic.1111.jpg,1
.\AutismDataset\train\Autistic.125.jpg,0
.\AutismDataset\train\Non_Autistic.310.jpg,1
.\AutismDataset\train\Non_Autistic.1152.jpg,1
.\AutismDataset\train\Autistic.256.jpg,0
.\AutismDataset\train\Non_Autistic.563.jpg,1
.\AutismDataset\train\Non_Autistic.642.jpg,1
.\AutismDataset\train\Non_Autistic.559.jpg,1
.\AutismDataset\train\Autistic.785.jpg,0
.\AutismDataset\train\Non_Autistic.324.jpg,1
.\AutismDataset\train\Non_Autistic.1234.jpg,1
.\AutismDataset\test\Autistic.146.jpg,0
.\AutismDataset\test\Autistic.45.jpg,0
.\AutismDataset\train\Non_Autistic.455.jpg,1
.\AutismDataset\train\Autistic.586.jpg,0
.\AutismDataset\train\Autistic.287.jpg,0
.\AutismDataset\valid\Non_Autistic\39.jpg,0
.\AutismDataset\train\Autistic.862.jpg,0
.\AutismDataset\train\Autistic.1036.jpg,0
.\AutismDataset\test\Autistic.26.jpg,0
.\AutismDataset\train\Autistic.1174.jpg,0
.\AutismDataset\test\Non_Autistic.90.jpg,1
.\AutismDataset\train\Non_Autistic.1257.jpg,1
.\AutismDataset\train\Autistic.206.jpg,0
.\AutismDataset\train\Non_Autistic.147.jpg,1
.\AutismDataset\train\Non_Autistic.123.jpg,1
.\AutismDataset\train\Non_Autistic.261.jpg,1
.\AutismDataset\train\Non_Autistic.690.jpg,1
.\AutismDataset\train\Non_Autistic.56.jpg,1
.\AutismDataset\train\Autistic.184.jpg,0
.\AutismDataset\train\Non_Autistic.152.jpg,1
.\AutismDataset\train\Autistic.135.jpg,0
.\AutismDataset\train\Non_Autistic.562.jpg,1
.\AutismDataset\train\Autistic.8.jpg,0
.\AutismDataset\train\Autistic.266.jpg,0
.\AutismDataset\test\Autistic.39.jpg,0
.\AutismDataset\train\Non_Autistic.1207.jpg,1
.\AutismDataset\train\Non_Autistic.163.jpg,1
.\AutismDataset\train\Non_Autistic.1254.jpg,1
.\AutismDataset\train\Autistic.565.jpg,0
.\AutismDataset\train\Non_Autistic.849.jpg,1
.\AutismDataset\test\Autistic.119.jpg,0
.\AutismDataset\train\Autistic.348.jpg,0
.\AutismDataset\train\Autistic.16.jpg,0
.\AutismDataset\train\Non_Autistic.767.jpg,1
.\AutismDataset\train\Autistic.610.jpg,0
.\AutismDataset\train\Autistic.524.jpg,0
.\AutismDataset\train\Autistic.289.jpg,0
.\AutismDataset\train\Non_Autistic.693.jpg,1
.\AutismDataset\train\Non_Autistic.1010.jpg,1
.\AutismDataset\train\Non_Autistic.1149.jpg,1
.\AutismDataset\train\Non_Autistic.1096.jpg,1
.\AutismDataset\train\Non_Autistic.1073.jpg,1
.\AutismDataset\train\Autistic.100.jpg,0
.\AutismDataset\train\Autistic.1050.jpg,0
.\AutismDataset\train\Autistic.468.jpg,0
.\AutismDataset\train\Autistic.1001.jpg,0
.\AutismDataset\train\Non_Autistic.785.jpg,1
.\AutismDataset\train\Autistic.1075.jpg,0
.\AutismDataset\train\Non_Autistic.97.jpg,1
.\AutismDataset\train\Non_Autistic.876.jpg,1
.\AutismDataset\train\Non_Autistic.1227.jpg,1
.\AutismDataset\train\Autistic.1215.jpg,0
.\AutismDataset\train\Non_Autistic.394.jpg,1
.\AutismDataset\train\Non_Autistic.748.jpg,1
.\AutismDataset\train\Non_Autistic.176.jpg,1
.\AutismDataset\train\Non_Autistic.685.jpg,1
.\AutismDataset\train\Non_Autistic.547.jpg,1
.\AutismDataset\train\Autistic.1162.jpg,0
.\AutismDataset\train\Autistic.1161.jpg,0
.\AutismDataset\train\Autistic.938.jpg,0
.\AutismDataset\train\Non_Autistic.210.jpg,1
.\AutismDataset\train\Autistic.734.jpg,0
.\AutismDataset\train\Non_Autistic.214.jpg,1
.\AutismDataset\train\Non_Autistic.575.jpg,1
.\AutismDataset\train\Autistic.783.jpg,0
.\AutismDataset\train\Autistic.1103.jpg,0
.\AutismDataset\train\Non_Autistic.1027.jpg,1
.\AutismDataset\train\Autistic.79.jpg,0
.\AutismDataset\train\Autistic.976.jpg,0
.\AutismDataset\train\Autistic.305.jpg,0
.\AutismDataset\train\Autistic.882.jpg,0
.\AutismDataset\train\Autistic.1003.jpg,0
.\AutismDataset\test\Autistic.114.jpg,0
.\AutismDataset\valid\Autistic\10.jpg,1
.\AutismDataset\train\Non_Autistic.615.jpg,1
.\AutismDataset\train\Non_Autistic.7.jpg,1
.\AutismDataset\test\Autistic.21.jpg,0
.\AutismDataset\train\Non_Autistic.66.jpg,1
.\AutismDataset\train\Non_Autistic.225.jpg,1
.\AutismDataset\train\Autistic.177.jpg,0
.\AutismDataset\train\Non_Autistic.272.jpg,1
.\AutismDataset\train\Non_Autistic.430.jpg,1
.\AutismDataset\train\Non_Autistic.1232.jpg,1
.\AutismDataset\train\Non_Autistic.1249.jpg,1
.\AutismDataset\train\Non_Autistic.70.jpg,1
.\AutismDataset\train\Autistic.539.jpg,0
.\AutismDataset\train\Non_Autistic.80.jpg,1
.\AutismDataset\test\Autistic.56.jpg,0
.\AutismDataset\train\Non_Autistic.611.jpg,1
.\AutismDataset\train\Autistic.366.jpg,0
.\AutismDataset\train\Autistic.832.jpg,0
.\AutismDataset\train\Non_Autistic.432.jpg,1
.\AutismDataset\train\Non_Autistic.888.jpg,1
.\AutismDataset\train\Non_Autistic.312.jpg,1
.\AutismDataset\train\Non_Autistic.437.jpg,1
.\AutismDataset\train\Autistic.226.jpg,0
.\AutismDataset\train\Non_Autistic.776.jpg,1
.\AutismDataset\train\Autistic.669.jpg,0
.\AutismDataset\train\Autistic.941.jpg,0
.\AutismDataset\train\Autistic.78.jpg,0
.\AutismDataset\train\Autistic.198.jpg,0
.\AutismDataset\train\Non_Autistic.1066.jpg,1
.\AutismDataset\train\Autistic.43.jpg,0
.\AutismDataset\test\Non_Autistic.21.jpg,1
.\AutismDataset\train\Autistic.622.jpg,0
.\AutismDataset\train\Autistic.1019.jpg,0
.\AutismDataset\train\Autistic.93.jpg,0
.\AutismDataset\train\Non_Autistic.429.jpg,1
.\AutismDataset\train\Non_Autistic.931.jpg,1
.\AutismDataset\train\Non_Autistic.1107.jpg,1
.\AutismDataset\test\Autistic.42.jpg,0
.\AutismDataset\test\Non_Autistic.8.jpg,1
.\AutismDataset\test\Non_Autistic.139.jpg,1
.\AutismDataset\train\Autistic.590.jpg,0
.\AutismDataset\test\Autistic.87.jpg,0
.\AutismDataset\train\Non_Autistic.992.jpg,1
.\AutismDataset\train\Non_Autistic.929.jpg,1
.\AutismDataset\train\Autistic.332.jpg,0
.\AutismDataset\train\Non_Autistic.1251.jpg,1
.\AutismDataset\train\Non_Autistic.393.jpg,1
.\AutismDataset\train\Non_Autistic.1079.jpg,1
.\AutismDataset\train\Non_Autistic.1051.jpg,1
.\AutismDataset\train\Non_Autistic.91.jpg,1
.\AutismDataset\test\Non_Autistic.67.jpg,1
.\AutismDataset\train\Autistic.230.jpg,0
.\AutismDataset\train\Non_Autistic.23.jpg,1
.\AutismDataset\train\Autistic.729.jpg,0
.\AutismDataset\train\Autistic.708.jpg,0
.\AutismDataset\train\Autistic.258.jpg,0
.\AutismDataset\train\Non_Autistic.1187.jpg,1
.\AutismDataset\train\Non_Autistic.1007.jpg,1
.\AutismDataset\train\Non_Autistic.413.jpg,1
.\AutismDataset\train\Non_Autistic.174.jpg,1
.\AutismDataset\test\Non_Autistic.16.jpg,1
.\AutismDataset\train\Autistic.49.jpg,0
.\AutismDataset\test\Non_Autistic.41.jpg,1
.\AutismDataset\test\Autistic.91.jpg,0
.\AutismDataset\train\Non_Autistic.1012.jpg,1
.\AutismDataset\train\Non_Autistic.1108.jpg,1
.\AutismDataset\train\Autistic.219.jpg,0
.\AutismDataset\train\Autistic.1035.jpg,0
.\AutismDataset\train\Non_Autistic.649.jpg,1
.\AutismDataset\train\Non_Autistic.662.jpg,1
.\AutismDataset\valid\Non_Autistic\42.jpg,0
.\AutismDataset\train\Autistic.403.jpg,0
.\AutismDataset\test\Non_Autistic.29.jpg,1
.\AutismDataset\train\Autistic.868.jpg,0
.\AutismDataset\train\Non_Autistic.72.jpg,1
.\AutismDataset\train\Autistic.4.jpg,0
.\AutismDataset\train\Non_Autistic.1226.jpg,1
.\AutismDataset\train\Autistic.1070.jpg,0
.\AutismDataset\train\Non_Autistic.815.jpg,1
.\AutismDataset\train\Autistic.38.jpg,0
.\AutismDataset\train\Autistic.1197.jpg,0
.\AutismDataset\train\Autistic.310.jpg,0
.\AutismDataset\train\Non_Autistic.187.jpg,1
.\AutismDataset\train\Non_Autistic.814.jpg,1
.\AutismDataset\test\Autistic.107.jpg,0
.\AutismDataset\train\Non_Autistic.133.jpg,1
.\AutismDataset\test\Non_Autistic.94.jpg,1
.\AutismDataset\train\Non_Autistic.361.jpg,1
.\AutismDataset\train\Non_Autistic.406.jpg,1
.\AutismDataset\test\Autistic.49.jpg,0
.\AutismDataset\train\Autistic.1242.jpg,0
.\AutismDataset\train\Non_Autistic.294.jpg,1
.\AutismDataset\train\Non_Autistic.470.jpg,1
.\AutismDataset\train\Autistic.65.jpg,0
.\AutismDataset\train\Autistic.475.jpg,0
.\AutismDataset\train\Autistic.1220.jpg,0
.\AutismDataset\train\Autistic.353.jpg,0
.\AutismDataset\train\Non_Autistic.1258.jpg,1
.\AutismDataset\train\Non_Autistic.1109.jpg,1
.\AutismDataset\train\Autistic.1217.jpg,0
.\AutismDataset\train\Autistic.109.jpg,0
.\AutismDataset\train\Autistic.7.jpg,0
.\AutismDataset\test\Autistic.20.jpg,0
.\AutismDataset\train\Autistic.1180.jpg,0
.\AutismDataset\train\Autistic.1243.jpg,0
.\AutismDataset\train\Autistic.1144.jpg,0
.\AutismDataset\train\Non_Autistic.1105.jpg,1
.\AutismDataset\train\Non_Autistic.565.jpg,1
.\AutismDataset\train\Autistic.458.jpg,0
.\AutismDataset\train\Non_Autistic.1241.jpg,1
.\AutismDataset\train\Autistic.464.jpg,0
.\AutismDataset\train\Autistic.160.jpg,0
.\AutismDataset\train\Non_Autistic.543.jpg,1
.\AutismDataset\valid\Non_Autistic\11.jpg,0
.\AutismDataset\test\Non_Autistic.88.jpg,1
.\AutismDataset\train\Autistic.816.jpg,0
.\AutismDataset\train\Autistic.6.jpg,0
.\AutismDataset\train\Non_Autistic.273.jpg,1
.\AutismDataset\train\Autistic.62.jpg,0
.\AutismDataset\train\Autistic.293.jpg,0
.\AutismDataset\valid\Autistic\49.jpg,1
.\AutismDataset\train\Non_Autistic.742.jpg,1
.\AutismDataset\train\Autistic.40.jpg,0
.\AutismDataset\train\Autistic.346.jpg,0
.\AutismDataset\train\Autistic.223.jpg,0
.\AutismDataset\train\Autistic.69.jpg,0
.\AutismDataset\test\Autistic.95.jpg,0
.\AutismDataset\train\Non_Autistic.594.jpg,1
.\AutismDataset\train\Non_Autistic.789.jpg,1
.\AutismDataset\train\Non_Autistic.1124.jpg,1
.\AutismDataset\train\Non_Autistic.522.jpg,1
.\AutismDataset\train\Autistic.107.jpg,0
.\AutismDataset\train\Autistic.768.jpg,0
.\AutismDataset\train\Non_Autistic.25.jpg,1
.\AutismDataset\train\Autistic.597.jpg,0
.\AutismDataset\test\Autistic.90.jpg,0
.\AutismDataset\train\Autistic.1002.jpg,0
.\AutismDataset\train\Autistic.1230.jpg,0
.\AutismDataset\train\Non_Autistic.182.jpg,1
.\AutismDataset\train\Autistic.480.jpg,0
.\AutismDataset\train\Autistic.414.jpg,0
.\AutismDataset\valid\Non_Autistic\44.jpg,0
.\AutismDataset\train\Autistic.682.jpg,0
.\AutismDataset\train\Non_Autistic.1081.jpg,1
.\AutismDataset\train\Non_Autistic.897.jpg,1
.\AutismDataset\test\Autistic.19.jpg,0
.\AutismDataset\valid\Autistic\32.jpg,1
.\AutismDataset\train\Autistic.345.jpg,0
.\AutismDataset\train\Autistic.1127.jpg,0
.\AutismDataset\train\Non_Autistic.982.jpg,1
.\AutismDataset\train\Autistic.857.jpg,0
.\AutismDataset\train\Non_Autistic.505.jpg,1
.\AutismDataset\train\Autistic.420.jpg,0
.\AutismDataset\train\Non_Autistic.188.jpg,1
.\AutismDataset\train\Non_Autistic.613.jpg,1
.\AutismDataset\train\Autistic.1170.jpg,0
.\AutismDataset\train\Non_Autistic.208.jpg,1
.\AutismDataset\train\Autistic.1167.jpg,0
.\AutismDataset\train\Autistic.512.jpg,0
.\AutismDataset\train\Autistic.33.jpg,0
.\AutismDataset\train\Autistic.1088.jpg,0
.\AutismDataset\train\Autistic.667.jpg,0
.\AutismDataset\train\Non_Autistic.249.jpg,1
.\AutismDataset\train\Non_Autistic.439.jpg,1
.\AutismDataset\test\Non_Autistic.125.jpg,1
.\AutismDataset\train\Non_Autistic.224.jpg,1
.\AutismDataset\train\Non_Autistic.1269.jpg,1
.\AutismDataset\train\Non_Autistic.98.jpg,1
.\AutismDataset\train\Non_Autistic.874.jpg,1
.\AutismDataset\train\Autistic.112.jpg,0
.\AutismDataset\train\Non_Autistic.458.jpg,1
.\AutismDataset\train\Autistic.544.jpg,0
.\AutismDataset\train\Non_Autistic.890.jpg,1
.\AutismDataset\train\Non_Autistic.1229.jpg,1
.\AutismDataset\train\Non_Autistic.536.jpg,1
.\AutismDataset\train\Non_Autistic.862.jpg,1
.\AutismDataset\train\Autistic.780.jpg,0
.\AutismDataset\train\Autistic.193.jpg,0
.\AutismDataset\valid\Non_Autistic\04.jpg,0
.\AutismDataset\train\Non_Autistic.164.jpg,1
.\AutismDataset\train\Non_Autistic.41.jpg,1
.\AutismDataset\train\Non_Autistic.481.jpg,1
.\AutismDataset\train\Non_Autistic.1201.jpg,1
.\AutismDataset\train\Autistic.318.jpg,0
.\AutismDataset\test\Non_Autistic.141.jpg,1
.\AutismDataset\train\Non_Autistic.178.jpg,1
.\AutismDataset\train\Autistic.946.jpg,0
.\AutismDataset\train\Autistic.340.jpg,0
.\AutismDataset\train\Autistic.409.jpg,0
.\AutismDataset\train\Non_Autistic.355.jpg,1
.\AutismDataset\train\Autistic.1067.jpg,0
.\AutismDataset\train\Non_Autistic.1148.jpg,1
.\AutismDataset\train\Non_Autistic.1126.jpg,1
.\AutismDataset\train\Non_Autistic.616.jpg,1
.\AutismDataset\test\Non_Autistic.112.jpg,1
.\AutismDataset\train\Non_Autistic.334.jpg,1
.\AutismDataset\test\Non_Autistic.140.jpg,1
.\AutismDataset\train\Autistic.821.jpg,0
.\AutismDataset\train\Autistic.1069.jpg,0
.\AutismDataset\train\Non_Autistic.405.jpg,1
.\AutismDataset\train\Non_Autistic.44.jpg,1
.\AutismDataset\train\Non_Autistic.1013.jpg,1
.\AutismDataset\train\Non_Autistic.257.jpg,1
.\AutismDataset\test\Non_Autistic.45.jpg,1
.\AutismDataset\train\Non_Autistic.1215.jpg,1
.\AutismDataset\train\Autistic.822.jpg,0
.\AutismDataset\train\Non_Autistic.266.jpg,1
.\AutismDataset\train\Autistic.97.jpg,0
.\AutismDataset\train\Autistic.451.jpg,0
.\AutismDataset\train\Non_Autistic.884.jpg,1
.\AutismDataset\train\Non_Autistic.1202.jpg,1
.\AutismDataset\train\Autistic.74.jpg,0
.\AutismDataset\train\Non_Autistic.1024.jpg,1
.\AutismDataset\train\Non_Autistic.627.jpg,1
.\AutismDataset\test\Autistic.9.jpg,0
.\AutismDataset\train\Non_Autistic.518.jpg,1
.\AutismDataset\train\Non_Autistic.248.jpg,1
.\AutismDataset\train\Non_Autistic.321.jpg,1
.\AutismDataset\train\Non_Autistic.468.jpg,1
.\AutismDataset\train\Non_Autistic.420.jpg,1
.\AutismDataset\test\Non_Autistic.19.jpg,1
.\AutismDataset\train\Non_Autistic.339.jpg,1
.\AutismDataset\train\Non_Autistic.1037.jpg,1
.\AutismDataset\train\Non_Autistic.906.jpg,1
.\AutismDataset\train\Autistic.1094.jpg,0
.\AutismDataset\train\Non_Autistic.1091.jpg,1
.\AutismDataset\train\Autistic.1213.jpg,0
.\AutismDataset\train\Autistic.826.jpg,0
.\AutismDataset\train\Non_Autistic.961.jpg,1
.\AutismDataset\train\Non_Autistic.1147.jpg,1
.\AutismDataset\train\Autistic.0.jpg,0
.\AutismDataset\train\Non_Autistic.493.jpg,1
.\AutismDataset\train\Autistic.415.jpg,0
.\AutismDataset\train\Non_Autistic.1090.jpg,1
.\AutismDataset\test\Non_Autistic.97.jpg,1
.\AutismDataset\train\Non_Autistic.723.jpg,1
.\AutismDataset\train\Non_Autistic.1122.jpg,1
.\AutismDataset\train\Autistic.980.jpg,0
.\AutismDataset\test\Non_Autistic.37.jpg,1
.\AutismDataset\test\Autistic.62.jpg,0
.\AutismDataset\train\Autistic.373.jpg,0
.\AutismDataset\train\Non_Autistic.955.jpg,1
.\AutismDataset\train\Autistic.784.jpg,0
.\AutismDataset\train\Autistic.756.jpg,0
.\AutismDataset\train\Autistic.876.jpg,0
.\AutismDataset\train\Non_Autistic.265.jpg,1
.\AutismDataset\train\Autistic.836.jpg,0
.\AutismDataset\train\Non_Autistic.1238.jpg,1
.\AutismDataset\train\Non_Autistic.1248.jpg,1
.\AutismDataset\train\Autistic.393.jpg,0
.\AutismDataset\train\Non_Autistic.346.jpg,1
.\AutismDataset\train\Autistic.1262.jpg,0
.\AutismDataset\train\Autistic.664.jpg,0
.\AutismDataset\test\Non_Autistic.79.jpg,1
.\AutismDataset\train\Autistic.510.jpg,0
.\AutismDataset\train\Autistic.830.jpg,0
.\AutismDataset\train\Autistic.117.jpg,0
.\AutismDataset\train\Autistic.309.jpg,0
.\AutismDataset\train\Autistic.583.jpg,0
.\AutismDataset\train\Non_Autistic.173.jpg,1
.\AutismDataset\train\Non_Autistic.1143.jpg,1
.\AutismDataset\train\Non_Autistic.924.jpg,1
.\AutismDataset\train\Autistic.1245.jpg,0
.\AutismDataset\train\Non_Autistic.226.jpg,1
.\AutismDataset\test\Non_Autistic.75.jpg,1
.\AutismDataset\test\Non_Autistic.62.jpg,1
.\AutismDataset\test\Autistic.86.jpg,0
.\AutismDataset\train\Autistic.75.jpg,0
.\AutismDataset\train\Non_Autistic.443.jpg,1
.\AutismDataset\train\Non_Autistic.186.jpg,1
.\AutismDataset\train\Autistic.683.jpg,0
.\AutismDataset\train\Non_Autistic.988.jpg,1
.\AutismDataset\train\Autistic.302.jpg,0
.\AutismDataset\train\Autistic.591.jpg,0
.\AutismDataset\train\Non_Autistic.240.jpg,1
.\AutismDataset\train\Autistic.370.jpg,0
.\AutismDataset\train\Non_Autistic.813.jpg,1
.\AutismDataset\train\Autistic.498.jpg,0
.\AutismDataset\train\Non_Autistic.1224.jpg,1
.\AutismDataset\test\Autistic.43.jpg,0
.\AutismDataset\train\Non_Autistic.60.jpg,1
.\AutismDataset\train\Non_Autistic.853.jpg,1
.\AutismDataset\train\Non_Autistic.454.jpg,1
.\AutismDataset\train\Non_Autistic.836.jpg,1
.\AutismDataset\train\Non_Autistic.404.jpg,1
.\AutismDataset\train\Autistic.849.jpg,0
.\AutismDataset\train\Autistic.1122.jpg,0
.\AutismDataset\test\Autistic.92.jpg,0
.\AutismDataset\train\Non_Autistic.1136.jpg,1
.\AutismDataset\train\Autistic.9.jpg,0
.\AutismDataset\train\Non_Autistic.500.jpg,1
.\AutismDataset\train\Non_Autistic.1044.jpg,1
.\AutismDataset\train\Non_Autistic.494.jpg,1
.\AutismDataset\train\Non_Autistic.1033.jpg,1
.\AutismDataset\train\Autistic.483.jpg,0
.\AutismDataset\train\Non_Autistic.997.jpg,1
.\AutismDataset\train\Autistic.459.jpg,0
.\AutismDataset\train\Autistic.239.jpg,0
.\AutismDataset\train\Non_Autistic.545.jpg,1
.\AutismDataset\train\Autistic.1191.jpg,0
.\AutismDataset\train\Non_Autistic.89.jpg,1
.\AutismDataset\train\Non_Autistic.1264.jpg,1
.\AutismDataset\train\Non_Autistic.306.jpg,1
.\AutismDataset\valid\Non_Autistic\19.jpg,0
.\AutismDataset\train\Autistic.250.jpg,0
.\AutismDataset\train\Non_Autistic.1001.jpg,1
.\AutismDataset\train\Autistic.30.jpg,0
.\AutismDataset\train\Non_Autistic.499.jpg,1
.\AutismDataset\train\Non_Autistic.1076.jpg,1
.\AutismDataset\train\Autistic.1080.jpg,0
.\AutismDataset\train\Autistic.856.jpg,0
.\AutismDataset\train\Autistic.1052.jpg,0
.\AutismDataset\test\Non_Autistic.61.jpg,1
.\AutismDataset\train\Non_Autistic.284.jpg,1
.\AutismDataset\train\Autistic.877.jpg,0
.\AutismDataset\train\Autistic.387.jpg,0
.\AutismDataset\train\Autistic.1059.jpg,0
.\AutismDataset\train\Non_Autistic.383.jpg,1
.\AutismDataset\train\Non_Autistic.648.jpg,1
.\AutismDataset\train\Autistic.28.jpg,0
.\AutismDataset\train\Non_Autistic.67.jpg,1
.\AutismDataset\train\Autistic.939.jpg,0
.\AutismDataset\train\Autistic.330.jpg,0
.\AutismDataset\train\Autistic.575.jpg,0
.\AutismDataset\train\Autistic.1164.jpg,0
.\AutismDataset\train\Non_Autistic.661.jpg,1
.\AutismDataset\train\Autistic.777.jpg,0
.\AutismDataset\train\Non_Autistic.859.jpg,1
.\AutismDataset\train\Autistic.532.jpg,0
.\AutismDataset\train\Autistic.725.jpg,0
.\AutismDataset\train\Autistic.1072.jpg,0
.\AutismDataset\train\Autistic.1098.jpg,0
.\AutismDataset\train\Autistic.1202.jpg,0
.\AutismDataset\train\Autistic.395.jpg,0
.\AutismDataset\train\Non_Autistic.350.jpg,1
.\AutismDataset\train\Non_Autistic.1094.jpg,1
.\AutismDataset\train\Autistic.412.jpg,0
.\AutismDataset\train\Non_Autistic.864.jpg,1
.\AutismDataset\train\Non_Autistic.592.jpg,1
.\AutismDataset\train\Non_Autistic.1212.jpg,1
.\AutismDataset\train\Non_Autistic.154.jpg,1
.\AutismDataset\train\Non_Autistic.947.jpg,1
.\AutismDataset\train\Non_Autistic.883.jpg,1
.\AutismDataset\train\Non_Autistic.689.jpg,1
.\AutismDataset\train\Autistic.982.jpg,0
.\AutismDataset\train\Non_Autistic.340.jpg,1
.\AutismDataset\test\Non_Autistic.31.jpg,1
.\AutismDataset\train\Autistic.560.jpg,0
.\AutismDataset\train\Autistic.1005.jpg,0
.\AutismDataset\train\Autistic.351.jpg,0
.\AutismDataset\train\Non_Autistic.1110.jpg,1
.\AutismDataset\train\Autistic.205.jpg,0
.\AutismDataset\train\Autistic.1248.jpg,0
.\AutismDataset\train\Autistic.500.jpg,0
.\AutismDataset\train\Non_Autistic.867.jpg,1
.\AutismDataset\train\Non_Autistic.851.jpg,1
.\AutismDataset\train\Autistic.13.jpg,0
.\AutismDataset\train\Autistic.718.jpg,0
.\AutismDataset\train\Autistic.14.jpg,0
.\AutismDataset\train\Non_Autistic.549.jpg,1
.\AutismDataset\train\Non_Autistic.1104.jpg,1
.\AutismDataset\train\Non_Autistic.733.jpg,1
.\AutismDataset\train\Non_Autistic.566.jpg,1
.\AutismDataset\train\Autistic.465.jpg,0
.\AutismDataset\train\Autistic.764.jpg,0
.\AutismDataset\train\Non_Autistic.754.jpg,1
.\AutismDataset\train\Non_Autistic.845.jpg,1
.\AutismDataset\test\Non_Autistic.83.jpg,1
.\AutismDataset\train\Non_Autistic.1153.jpg,1
.\AutismDataset\train\Autistic.322.jpg,0
.\AutismDataset\train\Autistic.788.jpg,0
.\AutismDataset\train\Autistic.321.jpg,0
.\AutismDataset\train\Non_Autistic.1205.jpg,1
.\AutismDataset\train\Non_Autistic.376.jpg,1
.\AutismDataset\train\Autistic.556.jpg,0
.\AutismDataset\test\Non_Autistic.117.jpg,1
.\AutismDataset\train\Non_Autistic.27.jpg,1
.\AutismDataset\train\Non_Autistic.1038.jpg,1
.\AutismDataset\train\Non_Autistic.189.jpg,1
.\AutismDataset\train\Autistic.613.jpg,0
.\AutismDataset\valid\Autistic\28.jpg,1
.\AutismDataset\train\Autistic.234.jpg,0
.\AutismDataset\train\Autistic.1200.jpg,0
.\AutismDataset\test\Autistic.67.jpg,0
.\AutismDataset\valid\Non_Autistic\38.jpg,0
.\AutismDataset\train\Autistic.1054.jpg,0
.\AutismDataset\train\Autistic.871.jpg,0
.\AutismDataset\train\Autistic.616.jpg,0
.\AutismDataset\train\Autistic.413.jpg,0
.\AutismDataset\train\Autistic.934.jpg,0
.\AutismDataset\train\Autistic.593.jpg,0
.\AutismDataset\test\Autistic.30.jpg,0
.\AutismDataset\train\Non_Autistic.55.jpg,1
.\AutismDataset\train\Autistic.592.jpg,0
.\AutismDataset\train\Non_Autistic.823.jpg,1
.\AutismDataset\train\Non_Autistic.989.jpg,1
.\AutismDataset\train\Non_Autistic.542.jpg,1
.\AutismDataset\train\Non_Autistic.1135.jpg,1
.\AutismDataset\train\Autistic.1071.jpg,0
.\AutismDataset\train\Non_Autistic.107.jpg,1
.\AutismDataset\train\Autistic.92.jpg,0
.\AutismDataset\train\Autistic.689.jpg,0
.\AutismDataset\train\Non_Autistic.1178.jpg,1
.\AutismDataset\valid\Autistic\44.jpg,1
.\AutismDataset\train\Autistic.490.jpg,0
.\AutismDataset\train\Non_Autistic.936.jpg,1
.\AutismDataset\train\Non_Autistic.425.jpg,1
.\AutismDataset\train\Non_Autistic.1035.jpg,1
.\AutismDataset\train\Autistic.552.jpg,0
.\AutismDataset\train\Autistic.572.jpg,0
.\AutismDataset\train\Autistic.655.jpg,0
.\AutismDataset\train\Non_Autistic.1099.jpg,1
.\AutismDataset\train\Non_Autistic.872.jpg,1
.\AutismDataset\train\Non_Autistic.880.jpg,1
.\AutismDataset\test\Autistic.132.jpg,0
.\AutismDataset\train\Non_Autistic.467.jpg,1
.\AutismDataset\test\Autistic.98.jpg,0
.\AutismDataset\train\Non_Autistic.717.jpg,1
.\AutismDataset\test\Autistic.135.jpg,0
.\AutismDataset\train\Non_Autistic.1088.jpg,1
.\AutismDataset\train\Non_Autistic.918.jpg,1
.\AutismDataset\train\Non_Autistic.92.jpg,1
.\AutismDataset\train\Autistic.630.jpg,0
.\AutismDataset\valid\Autistic\08.jpg,1
.\AutismDataset\train\Non_Autistic.43.jpg,1
.\AutismDataset\train\Autistic.179.jpg,0
.\AutismDataset\train\Autistic.80.jpg,0
.\AutismDataset\test\Non_Autistic.105.jpg,1
.\AutismDataset\train\Non_Autistic.1034.jpg,1
.\AutismDataset\train\Non_Autistic.688.jpg,1
.\AutismDataset\test\Autistic.28.jpg,0
.\AutismDataset\train\Autistic.535.jpg,0
.\AutismDataset\train\Non_Autistic.1183.jpg,1
.\AutismDataset\train\Non_Autistic.504.jpg,1
.\AutismDataset\train\Non_Autistic.998.jpg,1
.\AutismDataset\train\Non_Autistic.1069.jpg,1
.\AutismDataset\train\Non_Autistic.193.jpg,1
.\AutismDataset\train\Autistic.896.jpg,0
.\AutismDataset\train\Autistic.960.jpg,0
.\AutismDataset\train\Non_Autistic.564.jpg,1
.\AutismDataset\train\Non_Autistic.105.jpg,1
.\AutismDataset\train\Autistic.337.jpg,0
.\AutismDataset\test\Autistic.113.jpg,0
.\AutismDataset\train\Autistic.550.jpg,0
.\AutismDataset\train\Autistic.884.jpg,0
.\AutismDataset\train\Non_Autistic.138.jpg,1
.\AutismDataset\train\Autistic.1157.jpg,0
.\AutismDataset\test\Non_Autistic.71.jpg,1
.\AutismDataset\train\Autistic.479.jpg,0
.\AutismDataset\train\Non_Autistic.591.jpg,1
.\AutismDataset\train\Autistic.360.jpg,0
.\AutismDataset\train\Non_Autistic.1048.jpg,1
.\AutismDataset\train\Non_Autistic.304.jpg,1
.\AutismDataset\test\Autistic.143.jpg,0
.\AutismDataset\train\Autistic.750.jpg,0
.\AutismDataset\train\Autistic.357.jpg,0
.\AutismDataset\test\Autistic.94.jpg,0
.\AutismDataset\train\Non_Autistic.921.jpg,1
.\AutismDataset\train\Non_Autistic.755.jpg,1
.\AutismDataset\train\Autistic.594.jpg,0
.\AutismDataset\train\Autistic.695.jpg,0
.\AutismDataset\train\Non_Autistic.538.jpg,1
.\AutismDataset\train\Non_Autistic.366.jpg,1
.\AutismDataset\train\Non_Autistic.1141.jpg,1
.\AutismDataset\train\Non_Autistic.146.jpg,1
.\AutismDataset\train\Non_Autistic.793.jpg,1
.\AutismDataset\train\Non_Autistic.1059.jpg,1
.\AutismDataset\train\Non_Autistic.246.jpg,1
.\AutismDataset\train\Autistic.931.jpg,0
.\AutismDataset\train\Non_Autistic.411.jpg,1
.\AutismDataset\train\Autistic.399.jpg,0
.\AutismDataset\train\Non_Autistic.491.jpg,1
.\AutismDataset\train\Non_Autistic.1039.jpg,1
.\AutismDataset\train\Non_Autistic.1083.jpg,1
.\AutismDataset\valid\Non_Autistic\45.jpg,0
.\AutismDataset\train\Autistic.1201.jpg,0
.\AutismDataset\train\Autistic.652.jpg,0
.\AutismDataset\train\Non_Autistic.196.jpg,1
.\AutismDataset\train\Autistic.1238.jpg,0
.\AutismDataset\train\Autistic.915.jpg,0
.\AutismDataset\test\Non_Autistic.124.jpg,1
.\AutismDataset\train\Non_Autistic.974.jpg,1
.\AutismDataset\train\Autistic.847.jpg,0
.\AutismDataset\train\Autistic.1208.jpg,0
.\AutismDataset\train\Non_Autistic.958.jpg,1
.\AutismDataset\train\Autistic.169.jpg,0
.\AutismDataset\train\Autistic.259.jpg,0
.\AutismDataset\train\Autistic.713.jpg,0
.\AutismDataset\train\Non_Autistic.1047.jpg,1
.\AutismDataset\train\Autistic.1196.jpg,0
.\AutismDataset\train\Non_Autistic.407.jpg,1
.\AutismDataset\train\Non_Autistic.1242.jpg,1
.\AutismDataset\train\Autistic.640.jpg,0
.\AutismDataset\train\Non_Autistic.330.jpg,1
.\AutismDataset\train\Autistic.562.jpg,0
.\AutismDataset\train\Non_Autistic.794.jpg,1
.\AutismDataset\train\Autistic.1247.jpg,0
.\AutismDataset\train\Non_Autistic.557.jpg,1
.\AutismDataset\train\Non_Autistic.464.jpg,1
.\AutismDataset\train\Non_Autistic.1085.jpg,1
.\AutismDataset\train\Non_Autistic.826.jpg,1
.\AutismDataset\train\Autistic.546.jpg,0
.\AutismDataset\train\Autistic.517.jpg,0
.\AutismDataset\train\Autistic.24.jpg,0
.\AutismDataset\train\Autistic.388.jpg,0
.\AutismDataset\train\Autistic.1244.jpg,0
.\AutismDataset\valid\Autistic\20.jpg,1
.\AutismDataset\train\Autistic.311.jpg,0
.\AutismDataset\train\Autistic.1226.jpg,0
.\AutismDataset\train\Non_Autistic.64.jpg,1
.\AutismDataset\train\Autistic.741.jpg,0
.\AutismDataset\train\Autistic.228.jpg,0
.\AutismDataset\train\Autistic.846.jpg,0
.\AutismDataset\train\Autistic.804.jpg,0
.\AutismDataset\train\Autistic.935.jpg,0
.\AutismDataset\test\Autistic.82.jpg,0
.\AutismDataset\test\Non_Autistic.148.jpg,1
.\AutismDataset\train\Autistic.1177.jpg,0
.\AutismDataset\train\Non_Autistic.1221.jpg,1
.\AutismDataset\train\Non_Autistic.774.jpg,1
.\AutismDataset\train\Non_Autistic.392.jpg,1
.\AutismDataset\train\Autistic.810.jpg,0
.\AutismDataset\test\Non_Autistic.99.jpg,1
.\AutismDataset\valid\Non_Autistic\49.jpg,0
.\AutismDataset\train\Non_Autistic.158.jpg,1
.\AutismDataset\train\Autistic.1171.jpg,0
.\AutismDataset\train\Autistic.168.jpg,0
.\AutismDataset\train\Autistic.1061.jpg,0
.\AutismDataset\train\Autistic.210.jpg,0
.\AutismDataset\train\Autistic.242.jpg,0
.\AutismDataset\train\Autistic.638.jpg,0
.\AutismDataset\train\Non_Autistic.1265.jpg,1
.\AutismDataset\test\Autistic.111.jpg,0
.\AutismDataset\train\Non_Autistic.362.jpg,1
.\AutismDataset\train\Non_Autistic.1062.jpg,1
.\AutismDataset\train\Non_Autistic.1054.jpg,1
.\AutismDataset\train\Non_Autistic.1029.jpg,1
.\AutismDataset\train\Autistic.1085.jpg,0
.\AutismDataset\train\Autistic.487.jpg,0
.\AutismDataset\train\Autistic.50.jpg,0
.\AutismDataset\train\Non_Autistic.976.jpg,1
.\AutismDataset\train\Autistic.949.jpg,0
.\AutismDataset\train\Autistic.880.jpg,0
.\AutismDataset\train\Non_Autistic.1173.jpg,1
.\AutismDataset\train\Autistic.1041.jpg,0
.\AutismDataset\train\Non_Autistic.51.jpg,1
.\AutismDataset\test\Autistic.99.jpg,0
.\AutismDataset\train\Autistic.255.jpg,0
.\AutismDataset\train\Autistic.514.jpg,0
.\AutismDataset\test\Non_Autistic.68.jpg,1
.\AutismDataset\train\Autistic.440.jpg,0
.\AutismDataset\train\Autistic.382.jpg,0
.\AutismDataset\train\Autistic.848.jpg,0
.\AutismDataset\train\Autistic.173.jpg,0
.\AutismDataset\train\Non_Autistic.837.jpg,1
.\AutismDataset\train\Non_Autistic.1128.jpg,1
.\AutismDataset\train\Autistic.1062.jpg,0
.\AutismDataset\test\Non_Autistic.78.jpg,1
.\AutismDataset\train\Non_Autistic.1196.jpg,1
.\AutismDataset\train\Non_Autistic.873.jpg,1
.\AutismDataset\train\Autistic.1038.jpg,0
.\AutismDataset\train\Autistic.25.jpg,0
.\AutismDataset\train\Non_Autistic.490.jpg,1
.\AutismDataset\train\Non_Autistic.1225.jpg,1
.\AutismDataset\train\Non_Autistic.546.jpg,1
.\AutismDataset\train\Non_Autistic.912.jpg,1
.\AutismDataset\train\Non_Autistic.19.jpg,1
.\AutismDataset\train\Non_Autistic.170.jpg,1
.\AutismDataset\test\Autistic.34.jpg,0
.\AutismDataset\test\Autistic.79.jpg,0
.\AutismDataset\train\Non_Autistic.809.jpg,1
.\AutismDataset\train\Non_Autistic.327.jpg,1
.\AutismDataset\train\Non_Autistic.629.jpg,1
.\AutismDataset\test\Non_Autistic.72.jpg,1
.\AutismDataset\train\Autistic.1137.jpg,0
.\AutismDataset\train\Non_Autistic.1123.jpg,1
.\AutismDataset\train\Non_Autistic.1077.jpg,1
.\AutismDataset\train\Non_Autistic.278.jpg,1
.\AutismDataset\train\Autistic.371.jpg,0
.\AutismDataset\train\Autistic.990.jpg,0
.\AutismDataset\train\Non_Autistic.245.jpg,1
.\AutismDataset\train\Non_Autistic.994.jpg,1
.\AutismDataset\train\Autistic.380.jpg,0
.\AutismDataset\train\Non_Autistic.1036.jpg,1
.\AutismDataset\train\Non_Autistic.501.jpg,1
.\AutismDataset\train\Autistic.404.jpg,0
.\AutismDataset\train\Non_Autistic.940.jpg,1
.\AutismDataset\train\Autistic.723.jpg,0
.\AutismDataset\train\Non_Autistic.1121.jpg,1
.\AutismDataset\train\Autistic.165.jpg,0
.\AutismDataset\train\Non_Autistic.100.jpg,1
.\AutismDataset\train\Non_Autistic.722.jpg,1
.\AutismDataset\train\Non_Autistic.548.jpg,1
.\AutismDataset\train\Autistic.989.jpg,0
.\AutismDataset\train\Autistic.1125.jpg,0
.\AutismDataset\test\Non_Autistic.64.jpg,1
.\AutismDataset\train\Non_Autistic.632.jpg,1
.\AutismDataset\test\Non_Autistic.13.jpg,1
.\AutismDataset\train\Non_Autistic.1259.jpg,1
.\AutismDataset\train\Non_Autistic.1174.jpg,1
.\AutismDataset\train\Non_Autistic.728.jpg,1
.\AutismDataset\train\Autistic.1241.jpg,0
.\AutismDataset\train\Autistic.957.jpg,0
.\AutismDataset\train\Non_Autistic.934.jpg,1
.\AutismDataset\train\Autistic.111.jpg,0
.\AutismDataset\test\Non_Autistic.103.jpg,1
.\AutismDataset\train\Autistic.1216.jpg,0
.\AutismDataset\train\Autistic.860.jpg,0
.\AutismDataset\test\Non_Autistic.138.jpg,1
.\AutismDataset\train\Autistic.306.jpg,0
.\AutismDataset\train\Non_Autistic.847.jpg,1
.\AutismDataset\train\Non_Autistic.253.jpg,1
.\AutismDataset\train\Autistic.776.jpg,0
.\AutismDataset\valid\Autistic\03.jpg,1
.\AutismDataset\train\Non_Autistic.554.jpg,1
.\AutismDataset\train\Autistic.929.jpg,0
.\AutismDataset\train\Non_Autistic.523.jpg,1
.\AutismDataset\train\Non_Autistic.1162.jpg,1
.\AutismDataset\train\Non_Autistic.1065.jpg,1
.\AutismDataset\train\Non_Autistic.1261.jpg,1
.\AutismDataset\valid\Autistic\16.jpg,1
.\AutismDataset\train\Non_Autistic.497.jpg,1
.\AutismDataset\train\Non_Autistic.753.jpg,1
.\AutismDataset\train\Autistic.31.jpg,0
.\AutismDataset\train\Autistic.705.jpg,0
.\AutismDataset\train\Non_Autistic.391.jpg,1
.\AutismDataset\train\Autistic.530.jpg,0
.\AutismDataset\train\Autistic.290.jpg,0
.\AutismDataset\train\Autistic.185.jpg,0
.\AutismDataset\train\Non_Autistic.647.jpg,1
.\AutismDataset\train\Autistic.620.jpg,0
.\AutismDataset\train\Autistic.1051.jpg,0
.\AutismDataset\train\Autistic.1064.jpg,0
.\AutismDataset\train\Autistic.945.jpg,0
.\AutismDataset\train\Autistic.491.jpg,0
.\AutismDataset\train\Non_Autistic.417.jpg,1
.\AutismDataset\train\Autistic.710.jpg,0
.\AutismDataset\train\Autistic.144.jpg,0
.\AutismDataset\train\Autistic.979.jpg,0
.\AutismDataset\train\Autistic.15.jpg,0
.\AutismDataset\train\Non_Autistic.535.jpg,1
.\AutismDataset\train\Non_Autistic.416.jpg,1
.\AutismDataset\train\Autistic.41.jpg,0
.\AutismDataset\test\Non_Autistic.17.jpg,1
.\AutismDataset\train\Autistic.1116.jpg,0
.\AutismDataset\train\Non_Autistic.1023.jpg,1
.\AutismDataset\train\Autistic.232.jpg,0
.\AutismDataset\train\Autistic.142.jpg,0
.\AutismDataset\train\Autistic.541.jpg,0
.\AutismDataset\train\Non_Autistic.112.jpg,1
.\AutismDataset\train\Non_Autistic.618.jpg,1
.\AutismDataset\test\Autistic.144.jpg,0
.\AutismDataset\train\Non_Autistic.827.jpg,1
.\AutismDataset\train\Autistic.44.jpg,0
.\AutismDataset\train\Autistic.582.jpg,0
.\AutismDataset\train\Autistic.422.jpg,0
.\AutismDataset\valid\Non_Autistic\34.jpg,0
.\AutismDataset\train\Non_Autistic.560.jpg,1
.\AutismDataset\train\Autistic.666.jpg,0
.\AutismDataset\train\Non_Autistic.1040.jpg,1
.\AutismDataset\train\Non_Autistic.966.jpg,1
.\AutismDataset\train\Autistic.326.jpg,0
.\AutismDataset\train\Non_Autistic.1223.jpg,1
.\AutismDataset\train\Non_Autistic.167.jpg,1
.\AutismDataset\train\Non_Autistic.1236.jpg,1
.\AutismDataset\train\Autistic.843.jpg,0
.\AutismDataset\train\Non_Autistic.402.jpg,1
.\AutismDataset\train\Autistic.102.jpg,0
.\AutismDataset\train\Non_Autistic.1008.jpg,1
.\AutismDataset\train\Non_Autistic.197.jpg,1
.\AutismDataset\train\Autistic.1154.jpg,0
.\AutismDataset\train\Autistic.993.jpg,0
.\AutismDataset\train\Autistic.1199.jpg,0
.\AutismDataset\train\Autistic.612.jpg,0
.\AutismDataset\train\Autistic.103.jpg,0
.\AutismDataset\train\Non_Autistic.751.jpg,1
.\AutismDataset\train\Autistic.369.jpg,0
.\AutismDataset\train\Non_Autistic.33.jpg,1
.\AutismDataset\train\Autistic.1027.jpg,0
.\AutismDataset\train\Autistic.753.jpg,0
.\AutismDataset\train\Non_Autistic.593.jpg,1
.\AutismDataset\test\Non_Autistic.39.jpg,1
.\AutismDataset\train\Autistic.26.jpg,0
.\AutismDataset\train\Autistic.329.jpg,0
.\AutismDataset\train\Autistic.972.jpg,0
.\AutismDataset\train\Non_Autistic.596.jpg,1
.\AutismDataset\train\Non_Autistic.1046.jpg,1
.\AutismDataset\train\Non_Autistic.817.jpg,1
.\AutismDataset\test\Autistic.97.jpg,0
.\AutismDataset\train\Autistic.742.jpg,0
.\AutismDataset\train\Autistic.697.jpg,0
.\AutismDataset\valid\Non_Autistic\08.jpg,0
.\AutismDataset\train\Autistic.270.jpg,0
.\AutismDataset\train\Autistic.57.jpg,0
.\AutismDataset\train\Autistic.1145.jpg,0
.\AutismDataset\train\Non_Autistic.584.jpg,1
.\AutismDataset\train\Autistic.3.jpg,0
.\AutismDataset\valid\Autistic\42.jpg,1
.\AutismDataset\train\Autistic.175.jpg,0
.\AutismDataset\train\Non_Autistic.121.jpg,1
.\AutismDataset\train\Non_Autistic.35.jpg,1
.\AutismDataset\train\Non_Autistic.773.jpg,1
.\AutismDataset\train\Non_Autistic.736.jpg,1
.\AutismDataset\train\Autistic.680.jpg,0
.\AutismDataset\train\Autistic.588.jpg,0
.\AutismDataset\train\Autistic.1021.jpg,0
.\AutismDataset\test\Autistic.145.jpg,0
.\AutismDataset\test\Autistic.112.jpg,0
.\AutismDataset\valid\Non_Autistic\02.jpg,0
.\AutismDataset\train\Autistic.700.jpg,0
.\AutismDataset\train\Non_Autistic.99.jpg,1
.\AutismDataset\train\Non_Autistic.344.jpg,1
.\AutismDataset\valid\Autistic\21.jpg,1
.\AutismDataset\train\Non_Autistic.251.jpg,1
.\AutismDataset\train\Non_Autistic.941.jpg,1
.\AutismDataset\train\Non_Autistic.203.jpg,1
.\AutismDataset\train\Autistic.1128.jpg,0
.\AutismDataset\train\Non_Autistic.937.jpg,1
.\AutismDataset\train\Non_Autistic.1144.jpg,1
.\AutismDataset\train\Autistic.807.jpg,0
.\AutismDataset\train\Non_Autistic.1195.jpg,1
.\AutismDataset\train\Non_Autistic.944.jpg,1
.\AutismDataset\train\Autistic.1146.jpg,0
.\AutismDataset\train\Autistic.837.jpg,0
.\AutismDataset\train\Autistic.685.jpg,0
.\AutismDataset\train\Non_Autistic.423.jpg,1
.\AutismDataset\train\Autistic.1022.jpg,0
.\AutismDataset\test\Non_Autistic.146.jpg,1
.\AutismDataset\train\Non_Autistic.221.jpg,1
.\AutismDataset\train\Non_Autistic.1165.jpg,1
.\AutismDataset\test\Autistic.22.jpg,0
.\AutismDataset\train\Autistic.460.jpg,0
.\AutismDataset\train\Autistic.151.jpg,0
.\AutismDataset\train\Autistic.1117.jpg,0
.\AutismDataset\train\Non_Autistic.899.jpg,1
.\AutismDataset\train\Non_Autistic.217.jpg,1
.\AutismDataset\train\Non_Autistic.206.jpg,1
.\AutismDataset\train\Autistic.975.jpg,0
.\AutismDataset\train\Non_Autistic.442.jpg,1
.\AutismDataset\train\Non_Autistic.760.jpg,1
.\AutismDataset\train\Autistic.374.jpg,0
.\AutismDataset\test\Non_Autistic.46.jpg,1
.\AutismDataset\train\Autistic.442.jpg,0
.\AutismDataset\test\Autistic.73.jpg,0
.\AutismDataset\train\Non_Autistic.699.jpg,1
.\AutismDataset\train\Non_Autistic.855.jpg,1
.\AutismDataset\train\Non_Autistic.271.jpg,1
.\AutismDataset\train\Autistic.1043.jpg,0
.\AutismDataset\train\Autistic.398.jpg,0
.\AutismDataset\train\Autistic.1158.jpg,0
.\AutismDataset\train\Autistic.845.jpg,0
.\AutismDataset\test\Autistic.125.jpg,0
.\AutismDataset\train\Autistic.703.jpg,0
.\AutismDataset\train\Autistic.924.jpg,0
.\AutismDataset\train\Autistic.1121.jpg,0
.\AutismDataset\train\Autistic.812.jpg,0
.\AutismDataset\train\Non_Autistic.968.jpg,1
.\AutismDataset\train\Non_Autistic.303.jpg,1
.\AutismDataset\train\Non_Autistic.582.jpg,1
.\AutismDataset\train\Autistic.71.jpg,0
.\AutismDataset\valid\Non_Autistic\14.jpg,0
.\AutismDataset\test\Non_Autistic.114.jpg,1
.\AutismDataset\train\Autistic.227.jpg,0
.\AutismDataset\train\Autistic.222.jpg,0
.\AutismDataset\test\Autistic.147.jpg,0
.\AutismDataset\train\Autistic.162.jpg,0
.\AutismDataset\train\Non_Autistic.360.jpg,1
.\AutismDataset\train\Autistic.1212.jpg,0
.\AutismDataset\train\Non_Autistic.287.jpg,1
.\AutismDataset\train\Non_Autistic.122.jpg,1
.\AutismDataset\train\Non_Autistic.843.jpg,1
.\AutismDataset\train\Non_Autistic.84.jpg,1
.\AutismDataset\train\Autistic.248.jpg,0
.\AutismDataset\train\Non_Autistic.759.jpg,1
.\AutismDataset\train\Non_Autistic.81.jpg,1
.\AutismDataset\train\Autistic.174.jpg,0
.\AutismDataset\train\Autistic.702.jpg,0
.\AutismDataset\train\Non_Autistic.875.jpg,1
.\AutismDataset\train\Autistic.1096.jpg,0
.\AutismDataset\train\Non_Autistic.1057.jpg,1
.\AutismDataset\train\Non_Autistic.905.jpg,1
.\AutismDataset\train\Autistic.615.jpg,0
.\AutismDataset\train\Non_Autistic.969.jpg,1
.\AutismDataset\train\Non_Autistic.916.jpg,1
.\AutismDataset\train\Autistic.130.jpg,0
.\AutismDataset\train\Autistic.1251.jpg,0
.\AutismDataset\train\Autistic.408.jpg,0
.\AutismDataset\train\Autistic.447.jpg,0
.\AutismDataset\train\Autistic.864.jpg,0
.\AutismDataset\train\Non_Autistic.256.jpg,1
.\AutismDataset\valid\Autistic\50.jpg,1
.\AutismDataset\test\Autistic.13.jpg,0
.\AutismDataset\train\Non_Autistic.1218.jpg,1
.\AutismDataset\train\Non_Autistic.621.jpg,1
.\AutismDataset\valid\Autistic\34.jpg,1
.\AutismDataset\train\Autistic.379.jpg,0
.\AutismDataset\train\Autistic.863.jpg,0
.\AutismDataset\test\Autistic.46.jpg,0
.\AutismDataset\train\Non_Autistic.799.jpg,1
.\AutismDataset\train\Non_Autistic.589.jpg,1
.\AutismDataset\train\Non_Autistic.378.jpg,1
.\AutismDataset\train\Autistic.352.jpg,0
.\AutismDataset\train\Non_Autistic.1014.jpg,1
.\AutismDataset\valid\Non_Autistic\46.jpg,0
.\AutismDataset\train\Non_Autistic.893.jpg,1
.\AutismDataset\train\Non_Autistic.567.jpg,1
.\AutismDataset\train\Autistic.429.jpg,0
.\AutismDataset\train\Non_Autistic.486.jpg,1
.\AutismDataset\train\Non_Autistic.153.jpg,1
.\AutismDataset\train\Non_Autistic.414.jpg,1
.\AutismDataset\train\Autistic.589.jpg,0
.\AutismDataset\train\Autistic.913.jpg,0
.\AutismDataset\valid\Autistic\23.jpg,1
.\AutismDataset\train\Autistic.481.jpg,0
.\AutismDataset\train\Autistic.789.jpg,0
.\AutismDataset\test\Autistic.18.jpg,0
.\AutismDataset\valid\Autistic\31.jpg,1
.\AutismDataset\train\Autistic.325.jpg,0
.\AutismDataset\train\Autistic.1040.jpg,0
.\AutismDataset\train\Non_Autistic.229.jpg,1
.\AutismDataset\train\Non_Autistic.1130.jpg,1
.\AutismDataset\train\Non_Autistic.691.jpg,1
.\AutismDataset\train\Non_Autistic.656.jpg,1
.\AutismDataset\train\Autistic.865.jpg,0
.\AutismDataset\train\Non_Autistic.194.jpg,1
.\AutismDataset\train\Non_Autistic.761.jpg,1
.\AutismDataset\train\Autistic.467.jpg,0
.\AutismDataset\train\Autistic.260.jpg,0
.\AutismDataset\train\Non_Autistic.1117.jpg,1
.\AutismDataset\test\Non_Autistic.89.jpg,1
.\AutismDataset\train\Autistic.1143.jpg,0
.\AutismDataset\train\Non_Autistic.738.jpg,1
.\AutismDataset\train\Autistic.501.jpg,0
.\AutismDataset\train\Non_Autistic.734.jpg,1
.\AutismDataset\valid\Non_Autistic\22.jpg,0
.\AutismDataset\train\Non_Autistic.633.jpg,1
.\AutismDataset\train\Autistic.755.jpg,0
.\AutismDataset\train\Non_Autistic.1239.jpg,1
.\AutismDataset\train\Non_Autistic.704.jpg,1
.\AutismDataset\train\Autistic.744.jpg,0
.\AutismDataset\train\Non_Autistic.587.jpg,1
.\AutismDataset\train\Non_Autistic.999.jpg,1
.\AutismDataset\train\Autistic.903.jpg,0
.\AutismDataset\test\Autistic.68.jpg,0
.\AutismDataset\train\Autistic.926.jpg,0
.\AutismDataset\train\Autistic.527.jpg,0
.\AutismDataset\train\Non_Autistic.581.jpg,1
.\AutismDataset\train\Non_Autistic.276.jpg,1
.\AutismDataset\train\Non_Autistic.397.jpg,1
.\AutismDataset\test\Autistic.60.jpg,0
.\AutismDataset\train\Non_Autistic.747.jpg,1
.\AutismDataset\train\Autistic.268.jpg,0
.\AutismDataset\train\Non_Autistic.1177.jpg,1
.\AutismDataset\train\Autistic.961.jpg,0
.\AutismDataset\train\Non_Autistic.403.jpg,1
.\AutismDataset\train\Autistic.56.jpg,0
.\AutismDataset\train\Non_Autistic.1219.jpg,1
.\AutismDataset\train\Autistic.492.jpg,0
.\AutismDataset\train\Autistic.377.jpg,0
.\AutismDataset\train\Non_Autistic.963.jpg,1
.\AutismDataset\train\Autistic.933.jpg,0
.\AutismDataset\train\Non_Autistic.101.jpg,1
.\AutismDataset\train\Non_Autistic.712.jpg,1
.\AutismDataset\test\Autistic.76.jpg,0
.\AutismDataset\train\Autistic.149.jpg,0
.\AutismDataset\train\Autistic.1258.jpg,0
.\AutismDataset\test\Non_Autistic.9.jpg,1
.\AutismDataset\train\Non_Autistic.113.jpg,1
.\AutismDataset\train\Non_Autistic.766.jpg,1
.\AutismDataset\train\Autistic.401.jpg,0
.\AutismDataset\train\Autistic.986.jpg,0
.\AutismDataset\train\Autistic.435.jpg,0
.\AutismDataset\train\Autistic.1084.jpg,0
.\AutismDataset\train\Non_Autistic.282.jpg,1
.\AutismDataset\train\Non_Autistic.950.jpg,1
.\AutismDataset\train\Non_Autistic.31.jpg,1
.\AutismDataset\train\Autistic.633.jpg,0
.\AutismDataset\train\Non_Autistic.448.jpg,1
.\AutismDataset\train\Non_Autistic.463.jpg,1
.\AutismDataset\train\Autistic.1267.jpg,0
.\AutismDataset\train\Autistic.317.jpg,0
.\AutismDataset\train\Autistic.737.jpg,0
.\AutismDataset\test\Non_Autistic.50.jpg,1
.\AutismDataset\train\Non_Autistic.139.jpg,1
.\AutismDataset\valid\Autistic\17.jpg,1
.\AutismDataset\train\Non_Autistic.212.jpg,1
.\AutismDataset\train\Autistic.178.jpg,0
.\AutismDataset\train\Non_Autistic.288.jpg,1
.\AutismDataset\train\Non_Autistic.487.jpg,1
.\AutismDataset\train\Autistic.842.jpg,0
.\AutismDataset\train\Autistic.1105.jpg,0
.\AutismDataset\train\Non_Autistic.672.jpg,1
.\AutismDataset\train\Autistic.688.jpg,0
.\AutismDataset\train\Autistic.1079.jpg,0
.\AutismDataset\train\Autistic.36.jpg,0
.\AutismDataset\valid\Autistic\05.jpg,1
.\AutismDataset\train\Non_Autistic.128.jpg,1
.\AutismDataset\train\Non_Autistic.1208.jpg,1
.\AutismDataset\train\Autistic.1108.jpg,0
.\AutismDataset\train\Non_Autistic.816.jpg,1
.\AutismDataset\train\Autistic.732.jpg,0
.\AutismDataset\train\Non_Autistic.709.jpg,1
.\AutismDataset\train\Non_Autistic.39.jpg,1
.\AutismDataset\train\Non_Autistic.638.jpg,1
.\AutismDataset\train\Non_Autistic.561.jpg,1
.\AutismDataset\train\Autistic.1156.jpg,0
.\AutismDataset\valid\Non_Autistic\32.jpg,0
.\AutismDataset\train\Non_Autistic.36.jpg,1
.\AutismDataset\train\Non_Autistic.1114.jpg,1
.\AutismDataset\train\Non_Autistic.1005.jpg,1
.\AutismDataset\train\Autistic.627.jpg,0
.\AutismDataset\test\Non_Autistic.66.jpg,1
.\AutismDataset\train\Autistic.504.jpg,0
.\AutismDataset\test\Autistic.16.jpg,0
.\AutismDataset\valid\Autistic\24.jpg,1
.\AutismDataset\train\Autistic.11.jpg,0
.\AutismDataset\valid\Non_Autistic\26.jpg,0
.\AutismDataset\valid\Autistic\47.jpg,1
.\AutismDataset\valid\Non_Autistic\03.jpg,0
.\AutismDataset\test\Non_Autistic.102.jpg,1
.\AutismDataset\train\Autistic.450.jpg,0
.\AutismDataset\train\Non_Autistic.1197.jpg,1
.\AutismDataset\train\Non_Autistic.617.jpg,1
.\AutismDataset\test\Non_Autistic.18.jpg,1
.\AutismDataset\train\Autistic.1065.jpg,0
.\AutismDataset\train\Non_Autistic.771.jpg,1
.\AutismDataset\train\Autistic.1210.jpg,0
.\AutismDataset\train\Non_Autistic.1159.jpg,1
.\AutismDataset\train\Autistic.1091.jpg,0
.\AutismDataset\train\Autistic.106.jpg,0
.\AutismDataset\valid\Autistic\37.jpg,1
.\AutismDataset\train\Autistic.288.jpg,0
.\AutismDataset\train\Non_Autistic.1158.jpg,1
.\AutismDataset\train\Autistic.376.jpg,0
.\AutismDataset\train\Non_Autistic.1167.jpg,1
.\AutismDataset\train\Non_Autistic.805.jpg,1
.\AutismDataset\train\Non_Autistic.725.jpg,1
.\AutismDataset\test\Non_Autistic.14.jpg,1
.\AutismDataset\train\Non_Autistic.777.jpg,1
.\AutismDataset\train\Non_Autistic.1189.jpg,1
.\AutismDataset\train\Autistic.354.jpg,0
.\AutismDataset\train\Non_Autistic.8.jpg,1
.\AutismDataset\train\Non_Autistic.1237.jpg,1
.\AutismDataset\train\Non_Autistic.896.jpg,1
.\AutismDataset\valid\Non_Autistic\50.jpg,0
.\AutismDataset\train\Autistic.1049.jpg,0
.\AutismDataset\train\Non_Autistic.90.jpg,1
.\AutismDataset\train\Non_Autistic.205.jpg,1
.\AutismDataset\train\Autistic.1237.jpg,0
.\AutismDataset\train\Non_Autistic.341.jpg,1
.\AutismDataset\train\Autistic.792.jpg,0
.\AutismDataset\test\Non_Autistic.28.jpg,1
.\AutismDataset\train\Non_Autistic.555.jpg,1
.\AutismDataset\train\Non_Autistic.106.jpg,1
.\AutismDataset\train\Non_Autistic.422.jpg,1
.\AutismDataset\train\Autistic.335.jpg,0
.\AutismDataset\train\Autistic.704.jpg,0
.\AutismDataset\train\Non_Autistic.990.jpg,1
.\AutismDataset\train\Autistic.799.jpg,0
.\AutismDataset\train\Non_Autistic.985.jpg,1
.\AutismDataset\train\Autistic.815.jpg,0
.\AutismDataset\train\Non_Autistic.374.jpg,1
.\AutismDataset\train\Non_Autistic.1209.jpg,1
.\AutismDataset\train\Non_Autistic.811.jpg,1
.\AutismDataset\train\Non_Autistic.495.jpg,1
.\AutismDataset\train\Non_Autistic.482.jpg,1
.\AutismDataset\train\Autistic.1047.jpg,0
.\AutismDataset\train\Autistic.505.jpg,0
.\AutismDataset\train\Non_Autistic.801.jpg,1
.\AutismDataset\train\Autistic.839.jpg,0
.\AutismDataset\train\Autistic.647.jpg,0
.\AutismDataset\train\Non_Autistic.603.jpg,1
.\AutismDataset\train\Autistic.17.jpg,0
.\AutismDataset\train\Non_Autistic.434.jpg,1
.\AutismDataset\train\Autistic.617.jpg,0
.\AutismDataset\train\Autistic.1259.jpg,0
.\AutismDataset\test\Autistic.126.jpg,0
.\AutismDataset\train\Non_Autistic.396.jpg,1
.\AutismDataset\train\Non_Autistic.1213.jpg,1
.\AutismDataset\train\Autistic.1153.jpg,0
.\AutismDataset\train\Non_Autistic.347.jpg,1
.\AutismDataset\train\Non_Autistic.235.jpg,1
.\AutismDataset\train\Autistic.686.jpg,0
.\AutismDataset\train\Autistic.267.jpg,0
.\AutismDataset\train\Non_Autistic.52.jpg,1
.\AutismDataset\train\Non_Autistic.796.jpg,1
.\AutismDataset\train\Non_Autistic.252.jpg,1
.\AutismDataset\train\Non_Autistic.299.jpg,1
.\AutismDataset\train\Autistic.558.jpg,0
.\AutismDataset\train\Autistic.68.jpg,0
.\AutismDataset\train\Non_Autistic.1139.jpg,1
.\AutismDataset\train\Autistic.115.jpg,0
.\AutismDataset\train\Autistic.37.jpg,0
.\AutismDataset\train\Non_Autistic.363.jpg,1
.\AutismDataset\train\Autistic.499.jpg,0
.\AutismDataset\valid\Autistic\13.jpg,1
.\AutismDataset\valid\Non_Autistic\41.jpg,0
.\AutismDataset\train\Autistic.519.jpg,0
.\AutismDataset\train\Autistic.285.jpg,0
.\AutismDataset\train\Autistic.1228.jpg,0
.\AutismDataset\train\Non_Autistic.605.jpg,1
.\AutismDataset\train\Non_Autistic.343.jpg,1
.\AutismDataset\train\Non_Autistic.16.jpg,1
.\AutismDataset\train\Autistic.51.jpg,0
.\AutismDataset\valid\Autistic\01.jpg,1
.\AutismDataset\train\Autistic.153.jpg,0
.\AutismDataset\train\Autistic.513.jpg,0
.\AutismDataset\valid\Autistic\14.jpg,1
.\AutismDataset\train\Autistic.172.jpg,0
.\AutismDataset\train\Non_Autistic.0.jpg,1
.\AutismDataset\train\Autistic.721.jpg,0
.\AutismDataset\train\Non_Autistic.143.jpg,1
.\AutismDataset\train\Non_Autistic.1043.jpg,1
.\AutismDataset\train\Non_Autistic.492.jpg,1
.\AutismDataset\train\Non_Autistic.61.jpg,1
.\AutismDataset\train\Non_Autistic.579.jpg,1
.\AutismDataset\train\Non_Autistic.395.jpg,1
.\AutismDataset\train\Non_Autistic.610.jpg,1
.\AutismDataset\train\Non_Autistic.710.jpg,1
.\AutismDataset\train\Non_Autistic.570.jpg,1
.\AutismDataset\train\Autistic.497.jpg,0
.\AutismDataset\train\Autistic.66.jpg,0
.\AutismDataset\train\Non_Autistic.683.jpg,1
.\AutismDataset\train\Non_Autistic.598.jpg,1
.\AutismDataset\valid\Autistic\15.jpg,1
.\AutismDataset\train\Autistic.12.jpg,0
.\AutismDataset\valid\Non_Autistic\07.jpg,0
.\AutismDataset\train\Non_Autistic.332.jpg,1
.\AutismDataset\train\Autistic.298.jpg,0
.\AutismDataset\train\Autistic.559.jpg,0
.\AutismDataset\train\Autistic.762.jpg,0
.\AutismDataset\train\Non_Autistic.756.jpg,1
.\AutismDataset\train\Non_Autistic.142.jpg,1
.\AutismDataset\train\Autistic.158.jpg,0
.\AutismDataset\train\Non_Autistic.247.jpg,1
.\AutismDataset\train\Autistic.1227.jpg,0
.\AutismDataset\train\Non_Autistic.1168.jpg,1
.\AutismDataset\train\Non_Autistic.607.jpg,1
.\AutismDataset\test\Autistic.133.jpg,0
.\AutismDataset\train\Non_Autistic.1210.jpg,1
.\AutismDataset\train\Autistic.608.jpg,0
.\AutismDataset\test\Autistic.50.jpg,0
.\AutismDataset\test\Autistic.100.jpg,0
.\AutismDataset\train\Autistic.122.jpg,0
.\AutismDataset\train\Non_Autistic.525.jpg,1
.\AutismDataset\train\Autistic.507.jpg,0
.\AutismDataset\test\Non_Autistic.86.jpg,1
.\AutismDataset\train\Autistic.46.jpg,0
.\AutismDataset\train\Autistic.1205.jpg,0
.\AutismDataset\train\Autistic.520.jpg,0
.\AutismDataset\train\Autistic.35.jpg,0
.\AutismDataset\test\Non_Autistic.128.jpg,1
.\AutismDataset\train\Autistic.601.jpg,0
.\AutismDataset\train\Autistic.814.jpg,0
.\AutismDataset\train\Autistic.936.jpg,0
.\AutismDataset\train\Autistic.455.jpg,0
.\AutismDataset\train\Non_Autistic.832.jpg,1
.\AutismDataset\train\Non_Autistic.539.jpg,1
.\AutismDataset\train\Non_Autistic.300.jpg,1
.\AutismDataset\test\Autistic.15.jpg,0
.\AutismDataset\train\Non_Autistic.917.jpg,1
.\AutismDataset\train\Autistic.297.jpg,0
.\AutismDataset\train\Autistic.757.jpg,0
.\AutismDataset\train\Autistic.747.jpg,0
.\AutismDataset\test\Non_Autistic.65.jpg,1
.\AutismDataset\train\Autistic.859.jpg,0
.\AutismDataset\train\Autistic.579.jpg,0
.\AutismDataset\train\Autistic.1097.jpg,0
.\AutismDataset\train\Non_Autistic.17.jpg,1
.\AutismDataset\train\Non_Autistic.444.jpg,1
.\AutismDataset\valid\Non_Autistic\20.jpg,0
.\AutismDataset\train\Non_Autistic.364.jpg,1
.\AutismDataset\train\Autistic.954.jpg,0
.\AutismDataset\train\Autistic.925.jpg,0
.\AutismDataset\train\Autistic.428.jpg,0
.\AutismDataset\train\Non_Autistic.45.jpg,1
.\AutismDataset\train\Autistic.419.jpg,0
.\AutismDataset\train\Autistic.328.jpg,0
.\AutismDataset\train\Non_Autistic.900.jpg,1
.\AutismDataset\train\Non_Autistic.791.jpg,1
.\AutismDataset\train\Autistic.1223.jpg,0
.\AutismDataset\train\Autistic.1187.jpg,0
.\AutismDataset\train\Non_Autistic.408.jpg,1
.\AutismDataset\train\Non_Autistic.787.jpg,1
.\AutismDataset\train\Autistic.1048.jpg,0
.\AutismDataset\train\Autistic.417.jpg,0
.\AutismDataset\train\Autistic.805.jpg,0
.\AutismDataset\train\Autistic.1207.jpg,0
.\AutismDataset\train\Autistic.707.jpg,0
.\AutismDataset\train\Non_Autistic.686.jpg,1
.\AutismDataset\train\Non_Autistic.544.jpg,1
.\AutismDataset\train\Non_Autistic.149.jpg,1
.\AutismDataset\train\Autistic.224.jpg,0
.\AutismDataset\train\Autistic.331.jpg,0
.\AutismDataset\train\Non_Autistic.367.jpg,1
.\AutismDataset\test\Autistic.71.jpg,0
.\AutismDataset\train\Autistic.1023.jpg,0
.\AutismDataset\valid\Autistic\11.jpg,1
.\AutismDataset\train\Non_Autistic.22.jpg,1
.\AutismDataset\train\Non_Autistic.573.jpg,1
.\AutismDataset\valid\Non_Autistic\28.jpg,0
.\AutismDataset\train\Autistic.1089.jpg,0
.\AutismDataset\train\Autistic.1092.jpg,0
.\AutismDataset\test\Autistic.115.jpg,0
.\AutismDataset\train\Autistic.1115.jpg,0
.\AutismDataset\valid\Autistic\41.jpg,1
.\AutismDataset\train\Non_Autistic.1151.jpg,1
.\AutismDataset\train\Autistic.674.jpg,0
.\AutismDataset\train\Autistic.660.jpg,0
.\AutismDataset\train\Autistic.444.jpg,0
.\AutismDataset\train\Non_Autistic.1071.jpg,1
.\AutismDataset\test\Autistic.55.jpg,0
.\AutismDataset\train\Non_Autistic.552.jpg,1
.\AutismDataset\train\Non_Autistic.1179.jpg,1
.\AutismDataset\train\Autistic.1100.jpg,0
.\AutismDataset\train\Non_Autistic.1063.jpg,1
.\AutismDataset\train\Non_Autistic.644.jpg,1
.\AutismDataset\train\Non_Autistic.358.jpg,1
.\AutismDataset\train\Autistic.974.jpg,0
.\AutismDataset\train\Non_Autistic.1217.jpg,1
.\AutismDataset\train\Non_Autistic.357.jpg,1
.\AutismDataset\train\Non_Autistic.451.jpg,1
.\AutismDataset\train\Non_Autistic.824.jpg,1
.\AutismDataset\train\Non_Autistic.1150.jpg,1
.\AutismDataset\train\Autistic.1190.jpg,0
.\AutismDataset\train\Autistic.342.jpg,0
.\AutismDataset\train\Autistic.906.jpg,0
.\AutismDataset\train\Autistic.950.jpg,0
.\AutismDataset\train\Non_Autistic.1058.jpg,1
.\AutismDataset\test\Non_Autistic.25.jpg,1
.\AutismDataset\train\Non_Autistic.496.jpg,1
.\AutismDataset\train\Autistic.754.jpg,0
.\AutismDataset\train\Non_Autistic.102.jpg,1
.\AutismDataset\train\Non_Autistic.1020.jpg,1
.\AutismDataset\train\Non_Autistic.260.jpg,1
.\AutismDataset\train\Autistic.1151.jpg,0
.\AutismDataset\train\Non_Autistic.514.jpg,1
.\AutismDataset\train\Non_Autistic.1170.jpg,1
.\AutismDataset\train\Non_Autistic.311.jpg,1
.\AutismDataset\test\Non_Autistic.144.jpg,1
.\AutismDataset\train\Autistic.681.jpg,0
.\AutismDataset\train\Autistic.1130.jpg,0
.\AutismDataset\train\Autistic.1160.jpg,0
.\AutismDataset\train\Autistic.855.jpg,0
.\AutismDataset\train\Autistic.1032.jpg,0
.\AutismDataset\train\Non_Autistic.488.jpg,1
.\AutismDataset\train\Non_Autistic.602.jpg,1
.\AutismDataset\train\Non_Autistic.1194.jpg,1
.\AutismDataset\test\Autistic.137.jpg,0
.\AutismDataset\train\Non_Autistic.881.jpg,1
.\AutismDataset\train\Autistic.171.jpg,0
.\AutismDataset\train\Non_Autistic.1093.jpg,1
.\AutismDataset\train\Non_Autistic.517.jpg,1
.\AutismDataset\train\Non_Autistic.461.jpg,1
.\AutismDataset\train\Autistic.693.jpg,0
.\AutismDataset\train\Autistic.276.jpg,0
.\AutismDataset\train\Non_Autistic.553.jpg,1
.\AutismDataset\train\Non_Autistic.233.jpg,1
.\AutismDataset\train\Non_Autistic.932.jpg,1
.\AutismDataset\train\Non_Autistic.886.jpg,1
.\AutismDataset\test\Non_Autistic.123.jpg,1
.\AutismDataset\train\Autistic.887.jpg,0
.\AutismDataset\test\Autistic.138.jpg,0
.\AutismDataset\train\Autistic.922.jpg,0
.\AutismDataset\train\Autistic.1138.jpg,0
.\AutismDataset\train\Autistic.1172.jpg,0
.\AutismDataset\train\Non_Autistic.145.jpg,1
.\AutismDataset\train\Autistic.735.jpg,0
.\AutismDataset\train\Non_Autistic.365.jpg,1
.\AutismDataset\train\Autistic.967.jpg,0
.\AutismDataset\train\Autistic.235.jpg,0
.\AutismDataset\train\Autistic.191.jpg,0
.\AutismDataset\train\Non_Autistic.1084.jpg,1
.\AutismDataset\train\Autistic.253.jpg,0
.\AutismDataset\train\Autistic.229.jpg,0
.\AutismDataset\train\Non_Autistic.628.jpg,1
.\AutismDataset\test\Autistic.75.jpg,0
.\AutismDataset\train\Autistic.563.jpg,0
.\AutismDataset\train\Non_Autistic.28.jpg,1
.\AutismDataset\train\Non_Autistic.680.jpg,1
.\AutismDataset\test\Autistic.108.jpg,0
.\AutismDataset\train\Autistic.283.jpg,0
.\AutismDataset\train\Non_Autistic.262.jpg,1
.\AutismDataset\train\Non_Autistic.418.jpg,1
.\AutismDataset\train\Autistic.823.jpg,0
.\AutismDataset\valid\Non_Autistic\30.jpg,0
.\AutismDataset\train\Autistic.454.jpg,0
.\AutismDataset\train\Non_Autistic.1127.jpg,1
.\AutismDataset\train\Non_Autistic.42.jpg,1
.\AutismDataset\test\Autistic.142.jpg,0
.\AutismDataset\train\Non_Autistic.1019.jpg,1
.\AutismDataset\train\Non_Autistic.674.jpg,1
.\AutismDataset\train\Non_Autistic.204.jpg,1
.\AutismDataset\train\Non_Autistic.200.jpg,1
.\AutismDataset\train\Non_Autistic.270.jpg,1
.\AutismDataset\train\Autistic.728.jpg,0
.\AutismDataset\train\Non_Autistic.718.jpg,1
.\AutismDataset\train\Non_Autistic.144.jpg,1
.\AutismDataset\train\Autistic.852.jpg,0
.\AutismDataset\train\Autistic.726.jpg,0
.\AutismDataset\test\Autistic.3.jpg,0
.\AutismDataset\test\Non_Autistic.145.jpg,1
.\AutismDataset\test\Non_Autistic.10.jpg,1
.\AutismDataset\train\Non_Autistic.301.jpg,1
.\AutismDataset\train\Non_Autistic.825.jpg,1
.\AutismDataset\train\Autistic.150.jpg,0
.\AutismDataset\train\Non_Autistic.887.jpg,1
.\AutismDataset\train\Autistic.968.jpg,0
.\AutismDataset\train\Autistic.798.jpg,0
.\AutismDataset\train\Autistic.760.jpg,0
.\AutismDataset\test\Non_Autistic.133.jpg,1
.\AutismDataset\train\Autistic.213.jpg,0
.\AutismDataset\train\Non_Autistic.82.jpg,1
.\AutismDataset\train\Non_Autistic.40.jpg,1
.\AutismDataset\train\Autistic.105.jpg,0
.\AutismDataset\train\Non_Autistic.705.jpg,1
.\AutismDataset\train\Autistic.891.jpg,0
.\AutismDataset\train\Autistic.948.jpg,0
.\AutismDataset\train\Autistic.147.jpg,0
.\AutismDataset\train\Autistic.670.jpg,0
.\AutismDataset\train\Autistic.1078.jpg,0
.\AutismDataset\train\Autistic.367.jpg,0
.\AutismDataset\train\Non_Autistic.624.jpg,1
.\AutismDataset\test\Autistic.58.jpg,0
.\AutismDataset\train\Autistic.496.jpg,0
.\AutismDataset\train\Autistic.952.jpg,0
.\AutismDataset\train\Non_Autistic.590.jpg,1
.\AutismDataset\train\Autistic.875.jpg,0
.\AutismDataset\test\Autistic.4.jpg,0
.\AutismDataset\train\Non_Autistic.758.jpg,1
.\AutismDataset\train\Autistic.1189.jpg,0
.\AutismDataset\train\Autistic.123.jpg,0
.\AutismDataset\train\Autistic.914.jpg,0
.\AutismDataset\test\Autistic.118.jpg,0
.\AutismDataset\train\Non_Autistic.435.jpg,1
.\AutismDataset\train\Autistic.1008.jpg,0
.\AutismDataset\train\Non_Autistic.930.jpg,1
.\AutismDataset\train\Autistic.273.jpg,0
.\AutismDataset\train\Autistic.1087.jpg,0
.\AutismDataset\train\Autistic.181.jpg,0
.\AutismDataset\train\Autistic.671.jpg,0
.\AutismDataset\train\Non_Autistic.1098.jpg,1
.\AutismDataset\train\Non_Autistic.286.jpg,1
.\AutismDataset\train\Non_Autistic.520.jpg,1
.\AutismDataset\train\Non_Autistic.50.jpg,1
.\AutismDataset\train\Autistic.677.jpg,0
.\AutismDataset\train\Autistic.917.jpg,0
.\AutismDataset\train\Non_Autistic.898.jpg,1
.\AutismDataset\train\Autistic.247.jpg,0
.\AutismDataset\train\Autistic.654.jpg,0
.\AutismDataset\train\Autistic.154.jpg,0
.\AutismDataset\test\Autistic.7.jpg,0
.\AutismDataset\train\Non_Autistic.1102.jpg,1
.\AutismDataset\train\Non_Autistic.456.jpg,1
.\AutismDataset\train\Autistic.1221.jpg,0
.\AutismDataset\train\Autistic.659.jpg,0
.\AutismDataset\train\Non_Autistic.466.jpg,1
.\AutismDataset\train\Autistic.543.jpg,0
.\AutismDataset\train\Autistic.1053.jpg,0
.\AutismDataset\train\Autistic.70.jpg,0
.\AutismDataset\train\Non_Autistic.780.jpg,1
.\AutismDataset\train\Autistic.263.jpg,0
.\AutismDataset\train\Non_Autistic.1050.jpg,1
.\AutismDataset\train\Autistic.549.jpg,0
.\AutismDataset\train\Autistic.694.jpg,0
.\AutismDataset\test\Non_Autistic.60.jpg,1
.\AutismDataset\train\Autistic.84.jpg,0
.\AutismDataset\test\Autistic.141.jpg,0
.\AutismDataset\train\Non_Autistic.484.jpg,1
.\AutismDataset\train\Autistic.651.jpg,0
.\AutismDataset\train\Non_Autistic.459.jpg,1
.\AutismDataset\train\Non_Autistic.320.jpg,1
.\AutismDataset\train\Non_Autistic.1252.jpg,1
.\AutismDataset\train\Non_Autistic.651.jpg,1
.\AutismDataset\train\Non_Autistic.903.jpg,1
.\AutismDataset\train\Non_Autistic.222.jpg,1
.\AutismDataset\train\Autistic.187.jpg,0
.\AutismDataset\train\Non_Autistic.190.jpg,1
.\AutismDataset\train\Non_Autistic.65.jpg,1
.\AutismDataset\train\Non_Autistic.449.jpg,1
.\AutismDataset\train\Non_Autistic.720.jpg,1
.\AutismDataset\train\Non_Autistic.960.jpg,1
.\AutismDataset\train\Non_Autistic.1095.jpg,1
.\AutismDataset\train\Autistic.944.jpg,0
.\AutismDataset\train\Autistic.21.jpg,0
.\AutismDataset\train\Non_Autistic.118.jpg,1
.\AutismDataset\train\Autistic.423.jpg,0
.\AutismDataset\valid\Autistic\30.jpg,1
.\AutismDataset\train\Autistic.190.jpg,0
.\AutismDataset\train\Non_Autistic.622.jpg,1
.\AutismDataset\train\Non_Autistic.410.jpg,1
.\AutismDataset\train\Non_Autistic.1041.jpg,1
.\AutismDataset\train\Non_Autistic.74.jpg,1
.\AutismDataset\train\Autistic.434.jpg,0
.\AutismDataset\train\Autistic.1232.jpg,0
.\AutismDataset\train\Autistic.1057.jpg,0
.\AutismDataset\train\Non_Autistic.259.jpg,1
.\AutismDataset\train\Autistic.853.jpg,0
.\AutismDataset\train\Non_Autistic.643.jpg,1
.\AutismDataset\train\Autistic.48.jpg,0
.\AutismDataset\train\Non_Autistic.1216.jpg,1
.\AutismDataset\train\Non_Autistic.828.jpg,1
.\AutismDataset\test\Autistic.52.jpg,0
.\AutismDataset\train\Autistic.827.jpg,0
.\AutismDataset\train\Autistic.629.jpg,0
.\AutismDataset\train\Non_Autistic.669.jpg,1
.\AutismDataset\train\Autistic.1198.jpg,0
.\AutismDataset\train\Non_Autistic.427.jpg,1
.\AutismDataset\train\Non_Autistic.838.jpg,1
.\AutismDataset\train\Non_Autistic.868.jpg,1
.\AutismDataset\train\Non_Autistic.109.jpg,1
.\AutismDataset\train\Non_Autistic.216.jpg,1
.\AutismDataset\test\Autistic.130.jpg,0
.\AutismDataset\train\Autistic.850.jpg,0
.\AutismDataset\train\Non_Autistic.757.jpg,1
.\AutismDataset\test\Autistic.124.jpg,0
.\AutismDataset\train\Autistic.99.jpg,0
.\AutismDataset\train\Autistic.927.jpg,0
.\AutismDataset\train\Non_Autistic.185.jpg,1
.\AutismDataset\train\Autistic.525.jpg,0
.\AutismDataset\train\Autistic.932.jpg,0
.\AutismDataset\train\Non_Autistic.390.jpg,1
.\AutismDataset\train\Autistic.637.jpg,0
.\AutismDataset\train\Non_Autistic.453.jpg,1
.\AutismDataset\train\Non_Autistic.507.jpg,1
.\AutismDataset\train\Non_Autistic.911.jpg,1
.\AutismDataset\train\Autistic.687.jpg,0
.\AutismDataset\train\Non_Autistic.26.jpg,1
.\AutismDataset\test\Autistic.38.jpg,0
.\AutismDataset\train\Autistic.1112.jpg,0
.\AutismDataset\train\Non_Autistic.1157.jpg,1
.\AutismDataset\train\Autistic.1256.jpg,0
.\AutismDataset\test\Autistic.104.jpg,0
.\AutismDataset\train\Autistic.653.jpg,0
.\AutismDataset\train\Autistic.1260.jpg,0
.\AutismDataset\train\Non_Autistic.1230.jpg,1
.\AutismDataset\test\Non_Autistic.129.jpg,1
.\AutismDataset\train\Non_Autistic.810.jpg,1
.\AutismDataset\test\Non_Autistic.54.jpg,1
.\AutismDataset\train\Autistic.463.jpg,0
.\AutismDataset\train\Non_Autistic.317.jpg,1
.\AutismDataset\train\Non_Autistic.85.jpg,1
.\AutismDataset\test\Autistic.110.jpg,0
.\AutismDataset\train\Non_Autistic.1129.jpg,1
.\AutismDataset\train\Non_Autistic.1206.jpg,1
.\AutismDataset\train\Non_Autistic.4.jpg,1
.\AutismDataset\train\Autistic.426.jpg,0
.\AutismDataset\train\Non_Autistic.533.jpg,1
.\AutismDataset\train\Autistic.834.jpg,0
.\AutismDataset\train\Non_Autistic.325.jpg,1
.\AutismDataset\train\Autistic.598.jpg,0
.\AutismDataset\train\Autistic.390.jpg,0
.\AutismDataset\train\Autistic.516.jpg,0
.\AutismDataset\train\Non_Autistic.702.jpg,1
.\AutismDataset\train\Autistic.1236.jpg,0
.\AutismDataset\train\Non_Autistic.882.jpg,1
.\AutismDataset\train\Autistic.851.jpg,0
.\AutismDataset\train\Non_Autistic.1120.jpg,1
.\AutismDataset\train\Autistic.599.jpg,0
.\AutismDataset\train\Autistic.861.jpg,0
.\AutismDataset\train\Autistic.673.jpg,0
.\AutismDataset\train\Autistic.308.jpg,0
.\AutismDataset\train\Autistic.604.jpg,0
.\AutismDataset\test\Non_Autistic.118.jpg,1
.\AutismDataset\train\Autistic.358.jpg,0
.\AutismDataset\test\Autistic.54.jpg,0
.\AutismDataset\train\Autistic.712.jpg,0
.\AutismDataset\train\Non_Autistic.713.jpg,1
.\AutismDataset\train\Autistic.110.jpg,0
.\AutismDataset\train\Autistic.39.jpg,0
.\AutismDataset\train\Autistic.34.jpg,0
.\AutismDataset\train\Autistic.817.jpg,0
.\AutismDataset\train\Non_Autistic.779.jpg,1
.\AutismDataset\train\Autistic.537.jpg,0
.\AutismDataset\train\Non_Autistic.95.jpg,1
.\AutismDataset\train\Autistic.194.jpg,0
.\AutismDataset\train\Autistic.953.jpg,0
.\AutismDataset\train\Non_Autistic.803.jpg,1
.\AutismDataset\train\Autistic.911.jpg,0
.\AutismDataset\train\Non_Autistic.833.jpg,1
.\AutismDataset\train\Autistic.642.jpg,0
.\AutismDataset\train\Non_Autistic.359.jpg,1
.\AutismDataset\train\Autistic.67.jpg,0
